anchor_date,ticker,security,gics_sector,gics_sub_industry,source,source_url,verified_at,original_ticker,normalized_ticker
2026-06-03,MMM,MMM,,,Bundled current S&P 500 constituent seed cross-checked against Wikipedia/Slickcharts,https://en.wikipedia.org/wiki/List_of_S%26P_500_companies; https://www.slickcharts.com/sp500,2026-06-03,MMM,MMM
2026-06-03,AOS,AOS,,,Bundled current S&P 500 constituent seed cross-checked against Wikipedia/Slickcharts,https://en.wikipedia.org/wiki/List_of_S%26P_500_companies; https://www.slickcharts.com/sp500,2026-06-03,AOS,AOS
2026-06-03,ABT,ABT,,,Bundled current S&P 500 constituent seed cross-checked against Wikipedia/Slickcharts,https://en.wikipedia.org/wiki/List_of_S%26P_500_companies; https://www.slickcharts.com/sp500,2026-06-03,ABT,ABT
2026-06-03,ABBV,ABBV,,,Bundled current S&P 500 constituent seed cross-checked against Wikipedia/Slickcharts,https://en.wikipedia.org/wiki/List_of_S%26P_500_companies; https://www.slickcharts.com/sp500,2026-06-03,ABBV,ABBV
2026-06-03,ACN,ACN,,,Bundled current S&P 500 constituent seed cross-checked against Wikipedia/Slickcharts,https://en.wikipedia.org/wiki/List_of_S%26P_500_companies; https://www.slickcharts.com/sp500,2026-06-03,ACN,ACN
2026-06-03,ADBE,ADBE,,,Bundled current S&P 500 constituent seed cross-checked against Wikipedia/Slickcharts,https://en.wikipedia.org/wiki/List_of_S%26P_500_companies; https://www.slickcharts.com/sp500,2026-06-03,ADBE,ADBE
2026-06-03,AMD,AMD,,,Bundled current S&P 500 constituent seed cross-checked against Wikipedia/Slickcharts,https://en.wikipedia.org/wiki/List_of_S%26P_500_companies; https://www.slickcharts.com/sp500,2026-06-03,AMD,AMD
2026-06-03,AES,AES,,,Bundled current S&P 500 constituent seed cross-checked against Wikipedia/Slickcharts,https://en.wikipedia.org/wiki/List_of_S%26P_500_companies; https://www.slickcharts.com/sp500,2026-06-03,AES,AES
2026-06-03,AFL,AFL,,,Bundled current S&P 500 constituent seed cross-checked against Wikipedia/Slickcharts,https://en.wikipedia.org/wiki/List_of_S%26P_500_companies; https://www.slickcharts.com/sp500,2026-06-03,AFL,AFL
2026-06-03,A,A,,,Bundled current S&P 500 constituent seed cross-checked against Wikipedia/Slickcharts,https://en.wikipedia.org/wiki/List_of_S%26P_500_companies; https://www.slickcharts.com/sp500,2026-06-03,A,A
2026-06-03,APD,APD,,,Bundled current S&P 500 constituent seed cross-checked against Wikipedia/Slickcharts,https://en.wikipedia.org/wiki/List_of_S%26P_500_companies; https://www.slickcharts.com/sp500,2026-06-03,APD,APD
2026-06-03,ABNB,ABNB,,,Bundled current S&P 500 constituent seed cross-checked against Wikipedia/Slickcharts,https://en.wikipedia.org/wiki/List_of_S%26P_500_companies; https://www.slickcharts.com/sp500,2026-06-03,ABNB,ABNB
2026-06-03,AKAM,AKAM,,,Bundled current S&P 500 constituent seed cross-checked against Wikipedia/Slickcharts,https://en.wikipedia.org/wiki/List_of_S%26P_500_companies; https://www.slickcharts.com/sp500,2026-06-03,AKAM,AKAM
2026-06-03,ALB,ALB,,,Bundled current S&P 500 constituent seed cross-checked against Wikipedia/Slickcharts,https://en.wikipedia.org/wiki/List_of_S%26P_500_companies; https://www.slickcharts.com/sp500,2026-06-03,ALB,ALB
2026-06-03,ARE,ARE,,,Bundled current S&P 500 constituent seed cross-checked against Wikipedia/Slickcharts,https://en.wikipedia.org/wiki/List_of_S%26P_500_companies; https://www.slickcharts.com/sp500,2026-06-03,ARE,ARE
2026-06-03,ALGN,ALGN,,,Bundled current S&P 500 constituent seed cross-checked against Wikipedia/Slickcharts,https://en.wikipedia.org/wiki/List_of_S%26P_500_companies; https://www.slickcharts.com/sp500,2026-06-03,ALGN,ALGN
2026-06-03,ALLE,ALLE,,,Bundled current S&P 500 constituent seed cross-checked against Wikipedia/Slickcharts,https://en.wikipedia.org/wiki/List_of_S%26P_500_companies; https://www.slickcharts.com/sp500,2026-06-03,ALLE,ALLE
2026-06-03,LNT,LNT,,,Bundled current S&P 500 constituent seed cross-checked against Wikipedia/Slickcharts,https://en.wikipedia.org/wiki/List_of_S%26P_500_companies; https://www.slickcharts.com/sp500,2026-06-03,LNT,LNT
2026-06-03,ALL,ALL,,,Bundled current S&P 500 constituent seed cross-checked against Wikipedia/Slickcharts,https://en.wikipedia.org/wiki/List_of_S%26P_500_companies; https://www.slickcharts.com/sp500,2026-06-03,ALL,ALL
2026-06-03,GOOGL,GOOGL,,,Bundled current S&P 500 constituent seed cross-checked against Wikipedia/Slickcharts,https://en.wikipedia.org/wiki/List_of_S%26P_500_companies; https://www.slickcharts.com/sp500,2026-06-03,GOOGL,GOOGL
2026-06-03,GOOG,GOOG,,,Bundled current S&P 500 constituent seed cross-checked against Wikipedia/Slickcharts,https://en.wikipedia.org/wiki/List_of_S%26P_500_companies; https://www.slickcharts.com/sp500,2026-06-03,GOOG,GOOG
2026-06-03,MO,MO,,,Bundled current S&P 500 constituent seed cross-checked against Wikipedia/Slickcharts,https://en.wikipedia.org/wiki/List_of_S%26P_500_companies; https://www.slickcharts.com/sp500,2026-06-03,MO,MO
2026-06-03,AMZN,AMZN,,,Bundled current S&P 500 constituent seed cross-checked against Wikipedia/Slickcharts,https://en.wikipedia.org/wiki/List_of_S%26P_500_companies; https://www.slickcharts.com/sp500,2026-06-03,AMZN,AMZN
2026-06-03,AMCR,AMCR,,,Bundled current S&P 500 constituent seed cross-checked against Wikipedia/Slickcharts,https://en.wikipedia.org/wiki/List_of_S%26P_500_companies; https://www.slickcharts.com/sp500,2026-06-03,AMCR,AMCR
2026-06-03,AEE,AEE,,,Bundled current S&P 500 constituent seed cross-checked against Wikipedia/Slickcharts,https://en.wikipedia.org/wiki/List_of_S%26P_500_companies; https://www.slickcharts.com/sp500,2026-06-03,AEE,AEE
2026-06-03,AEP,AEP,,,Bundled current S&P 500 constituent seed cross-checked against Wikipedia/Slickcharts,https://en.wikipedia.org/wiki/List_of_S%26P_500_companies; https://www.slickcharts.com/sp500,2026-06-03,AEP,AEP
2026-06-03,AXP,AXP,,,Bundled current S&P 500 constituent seed cross-checked against Wikipedia/Slickcharts,https://en.wikipedia.org/wiki/List_of_S%26P_500_companies; https://www.slickcharts.com/sp500,2026-06-03,AXP,AXP
2026-06-03,AIG,AIG,,,Bundled current S&P 500 constituent seed cross-checked against Wikipedia/Slickcharts,https://en.wikipedia.org/wiki/List_of_S%26P_500_companies; https://www.slickcharts.com/sp500,2026-06-03,AIG,AIG
2026-06-03,AMT,AMT,,,Bundled current S&P 500 constituent seed cross-checked against Wikipedia/Slickcharts,https://en.wikipedia.org/wiki/List_of_S%26P_500_companies; https://www.slickcharts.com/sp500,2026-06-03,AMT,AMT
2026-06-03,AWK,AWK,,,Bundled current S&P 500 constituent seed cross-checked against Wikipedia/Slickcharts,https://en.wikipedia.org/wiki/List_of_S%26P_500_companies; https://www.slickcharts.com/sp500,2026-06-03,AWK,AWK
2026-06-03,AMP,AMP,,,Bundled current S&P 500 constituent seed cross-checked against Wikipedia/Slickcharts,https://en.wikipedia.org/wiki/List_of_S%26P_500_companies; https://www.slickcharts.com/sp500,2026-06-03,AMP,AMP
2026-06-03,AME,AME,,,Bundled current S&P 500 constituent seed cross-checked against Wikipedia/Slickcharts,https://en.wikipedia.org/wiki/List_of_S%26P_500_companies; https://www.slickcharts.com/sp500,2026-06-03,AME,AME
2026-06-03,AMGN,AMGN,,,Bundled current S&P 500 constituent seed cross-checked against Wikipedia/Slickcharts,https://en.wikipedia.org/wiki/List_of_S%26P_500_companies; https://www.slickcharts.com/sp500,2026-06-03,AMGN,AMGN
2026-06-03,APH,APH,,,Bundled current S&P 500 constituent seed cross-checked against Wikipedia/Slickcharts,https://en.wikipedia.org/wiki/List_of_S%26P_500_companies; https://www.slickcharts.com/sp500,2026-06-03,APH,APH
2026-06-03,ADI,ADI,,,Bundled current S&P 500 constituent seed cross-checked against Wikipedia/Slickcharts,https://en.wikipedia.org/wiki/List_of_S%26P_500_companies; https://www.slickcharts.com/sp500,2026-06-03,ADI,ADI
2026-06-03,AON,AON,,,Bundled current S&P 500 constituent seed cross-checked against Wikipedia/Slickcharts,https://en.wikipedia.org/wiki/List_of_S%26P_500_companies; https://www.slickcharts.com/sp500,2026-06-03,AON,AON
2026-06-03,APA,APA,,,Bundled current S&P 500 constituent seed cross-checked against Wikipedia/Slickcharts,https://en.wikipedia.org/wiki/List_of_S%26P_500_companies; https://www.slickcharts.com/sp500,2026-06-03,APA,APA
2026-06-03,APO,APO,,,Bundled current S&P 500 constituent seed cross-checked against Wikipedia/Slickcharts,https://en.wikipedia.org/wiki/List_of_S%26P_500_companies; https://www.slickcharts.com/sp500,2026-06-03,APO,APO
2026-06-03,AAPL,AAPL,,,Bundled current S&P 500 constituent seed cross-checked against Wikipedia/Slickcharts,https://en.wikipedia.org/wiki/List_of_S%26P_500_companies; https://www.slickcharts.com/sp500,2026-06-03,AAPL,AAPL
2026-06-03,AMAT,AMAT,,,Bundled current S&P 500 constituent seed cross-checked against Wikipedia/Slickcharts,https://en.wikipedia.org/wiki/List_of_S%26P_500_companies; https://www.slickcharts.com/sp500,2026-06-03,AMAT,AMAT
2026-06-03,APP,APP,,,Bundled current S&P 500 constituent seed cross-checked against Wikipedia/Slickcharts,https://en.wikipedia.org/wiki/List_of_S%26P_500_companies; https://www.slickcharts.com/sp500,2026-06-03,APP,APP
2026-06-03,APTV,APTV,,,Bundled current S&P 500 constituent seed cross-checked against Wikipedia/Slickcharts,https://en.wikipedia.org/wiki/List_of_S%26P_500_companies; https://www.slickcharts.com/sp500,2026-06-03,APTV,APTV
2026-06-03,ACGL,ACGL,,,Bundled current S&P 500 constituent seed cross-checked against Wikipedia/Slickcharts,https://en.wikipedia.org/wiki/List_of_S%26P_500_companies; https://www.slickcharts.com/sp500,2026-06-03,ACGL,ACGL
2026-06-03,ADM,ADM,,,Bundled current S&P 500 constituent seed cross-checked against Wikipedia/Slickcharts,https://en.wikipedia.org/wiki/List_of_S%26P_500_companies; https://www.slickcharts.com/sp500,2026-06-03,ADM,ADM
2026-06-03,ARES,ARES,,,Bundled current S&P 500 constituent seed cross-checked against Wikipedia/Slickcharts,https://en.wikipedia.org/wiki/List_of_S%26P_500_companies; https://www.slickcharts.com/sp500,2026-06-03,ARES,ARES
2026-06-03,ANET,ANET,,,Bundled current S&P 500 constituent seed cross-checked against Wikipedia/Slickcharts,https://en.wikipedia.org/wiki/List_of_S%26P_500_companies; https://www.slickcharts.com/sp500,2026-06-03,ANET,ANET
2026-06-03,AJG,AJG,,,Bundled current S&P 500 constituent seed cross-checked against Wikipedia/Slickcharts,https://en.wikipedia.org/wiki/List_of_S%26P_500_companies; https://www.slickcharts.com/sp500,2026-06-03,AJG,AJG
2026-06-03,AIZ,AIZ,,,Bundled current S&P 500 constituent seed cross-checked against Wikipedia/Slickcharts,https://en.wikipedia.org/wiki/List_of_S%26P_500_companies; https://www.slickcharts.com/sp500,2026-06-03,AIZ,AIZ
2026-06-03,T,T,,,Bundled current S&P 500 constituent seed cross-checked against Wikipedia/Slickcharts,https://en.wikipedia.org/wiki/List_of_S%26P_500_companies; https://www.slickcharts.com/sp500,2026-06-03,T,T
2026-06-03,ATO,ATO,,,Bundled current S&P 500 constituent seed cross-checked against Wikipedia/Slickcharts,https://en.wikipedia.org/wiki/List_of_S%26P_500_companies; https://www.slickcharts.com/sp500,2026-06-03,ATO,ATO
2026-06-03,ADSK,ADSK,,,Bundled current S&P 500 constituent seed cross-checked against Wikipedia/Slickcharts,https://en.wikipedia.org/wiki/List_of_S%26P_500_companies; https://www.slickcharts.com/sp500,2026-06-03,ADSK,ADSK
2026-06-03,ADP,ADP,,,Bundled current S&P 500 constituent seed cross-checked against Wikipedia/Slickcharts,https://en.wikipedia.org/wiki/List_of_S%26P_500_companies; https://www.slickcharts.com/sp500,2026-06-03,ADP,ADP
2026-06-03,AZO,AZO,,,Bundled current S&P 500 constituent seed cross-checked against Wikipedia/Slickcharts,https://en.wikipedia.org/wiki/List_of_S%26P_500_companies; https://www.slickcharts.com/sp500,2026-06-03,AZO,AZO
2026-06-03,AVB,AVB,,,Bundled current S&P 500 constituent seed cross-checked against Wikipedia/Slickcharts,https://en.wikipedia.org/wiki/List_of_S%26P_500_companies; https://www.slickcharts.com/sp500,2026-06-03,AVB,AVB
2026-06-03,AVY,AVY,,,Bundled current S&P 500 constituent seed cross-checked against Wikipedia/Slickcharts,https://en.wikipedia.org/wiki/List_of_S%26P_500_companies; https://www.slickcharts.com/sp500,2026-06-03,AVY,AVY
2026-06-03,AXON,AXON,,,Bundled current S&P 500 constituent seed cross-checked against Wikipedia/Slickcharts,https://en.wikipedia.org/wiki/List_of_S%26P_500_companies; https://www.slickcharts.com/sp500,2026-06-03,AXON,AXON
2026-06-03,BKR,BKR,,,Bundled current S&P 500 constituent seed cross-checked against Wikipedia/Slickcharts,https://en.wikipedia.org/wiki/List_of_S%26P_500_companies; https://www.slickcharts.com/sp500,2026-06-03,BKR,BKR
2026-06-03,BALL,BALL,,,Bundled current S&P 500 constituent seed cross-checked against Wikipedia/Slickcharts,https://en.wikipedia.org/wiki/List_of_S%26P_500_companies; https://www.slickcharts.com/sp500,2026-06-03,BALL,BALL
2026-06-03,BAC,BAC,,,Bundled current S&P 500 constituent seed cross-checked against Wikipedia/Slickcharts,https://en.wikipedia.org/wiki/List_of_S%26P_500_companies; https://www.slickcharts.com/sp500,2026-06-03,BAC,BAC
2026-06-03,BAX,BAX,,,Bundled current S&P 500 constituent seed cross-checked against Wikipedia/Slickcharts,https://en.wikipedia.org/wiki/List_of_S%26P_500_companies; https://www.slickcharts.com/sp500,2026-06-03,BAX,BAX
2026-06-03,BDX,BDX,,,Bundled current S&P 500 constituent seed cross-checked against Wikipedia/Slickcharts,https://en.wikipedia.org/wiki/List_of_S%26P_500_companies; https://www.slickcharts.com/sp500,2026-06-03,BDX,BDX
2026-06-03,BRK-B,BRK.B,,,Bundled current S&P 500 constituent seed cross-checked against Wikipedia/Slickcharts,https://en.wikipedia.org/wiki/List_of_S%26P_500_companies; https://www.slickcharts.com/sp500,2026-06-03,BRK.B,BRK-B
2026-06-03,BBY,BBY,,,Bundled current S&P 500 constituent seed cross-checked against Wikipedia/Slickcharts,https://en.wikipedia.org/wiki/List_of_S%26P_500_companies; https://www.slickcharts.com/sp500,2026-06-03,BBY,BBY
2026-06-03,TECH,TECH,,,Bundled current S&P 500 constituent seed cross-checked against Wikipedia/Slickcharts,https://en.wikipedia.org/wiki/List_of_S%26P_500_companies; https://www.slickcharts.com/sp500,2026-06-03,TECH,TECH
2026-06-03,BIIB,BIIB,,,Bundled current S&P 500 constituent seed cross-checked against Wikipedia/Slickcharts,https://en.wikipedia.org/wiki/List_of_S%26P_500_companies; https://www.slickcharts.com/sp500,2026-06-03,BIIB,BIIB
2026-06-03,BLK,BLK,,,Bundled current S&P 500 constituent seed cross-checked against Wikipedia/Slickcharts,https://en.wikipedia.org/wiki/List_of_S%26P_500_companies; https://www.slickcharts.com/sp500,2026-06-03,BLK,BLK
2026-06-03,BX,BX,,,Bundled current S&P 500 constituent seed cross-checked against Wikipedia/Slickcharts,https://en.wikipedia.org/wiki/List_of_S%26P_500_companies; https://www.slickcharts.com/sp500,2026-06-03,BX,BX
2026-06-03,XYZ,XYZ,,,Bundled current S&P 500 constituent seed cross-checked against Wikipedia/Slickcharts,https://en.wikipedia.org/wiki/List_of_S%26P_500_companies; https://www.slickcharts.com/sp500,2026-06-03,XYZ,XYZ
2026-06-03,BK,BK,,,Bundled current S&P 500 constituent seed cross-checked against Wikipedia/Slickcharts,https://en.wikipedia.org/wiki/List_of_S%26P_500_companies; https://www.slickcharts.com/sp500,2026-06-03,BK,BK
2026-06-03,BA,BA,,,Bundled current S&P 500 constituent seed cross-checked against Wikipedia/Slickcharts,https://en.wikipedia.org/wiki/List_of_S%26P_500_companies; https://www.slickcharts.com/sp500,2026-06-03,BA,BA
2026-06-03,BKNG,BKNG,,,Bundled current S&P 500 constituent seed cross-checked against Wikipedia/Slickcharts,https://en.wikipedia.org/wiki/List_of_S%26P_500_companies; https://www.slickcharts.com/sp500,2026-06-03,BKNG,BKNG
2026-06-03,BSX,BSX,,,Bundled current S&P 500 constituent seed cross-checked against Wikipedia/Slickcharts,https://en.wikipedia.org/wiki/List_of_S%26P_500_companies; https://www.slickcharts.com/sp500,2026-06-03,BSX,BSX
2026-06-03,BMY,BMY,,,Bundled current S&P 500 constituent seed cross-checked against Wikipedia/Slickcharts,https://en.wikipedia.org/wiki/List_of_S%26P_500_companies; https://www.slickcharts.com/sp500,2026-06-03,BMY,BMY
2026-06-03,AVGO,AVGO,,,Bundled current S&P 500 constituent seed cross-checked against Wikipedia/Slickcharts,https://en.wikipedia.org/wiki/List_of_S%26P_500_companies; https://www.slickcharts.com/sp500,2026-06-03,AVGO,AVGO
2026-06-03,BR,BR,,,Bundled current S&P 500 constituent seed cross-checked against Wikipedia/Slickcharts,https://en.wikipedia.org/wiki/List_of_S%26P_500_companies; https://www.slickcharts.com/sp500,2026-06-03,BR,BR
2026-06-03,BRO,BRO,,,Bundled current S&P 500 constituent seed cross-checked against Wikipedia/Slickcharts,https://en.wikipedia.org/wiki/List_of_S%26P_500_companies; https://www.slickcharts.com/sp500,2026-06-03,BRO,BRO
2026-06-03,BF-B,BF.B,,,Bundled current S&P 500 constituent seed cross-checked against Wikipedia/Slickcharts,https://en.wikipedia.org/wiki/List_of_S%26P_500_companies; https://www.slickcharts.com/sp500,2026-06-03,BF.B,BF-B
2026-06-03,BLDR,BLDR,,,Bundled current S&P 500 constituent seed cross-checked against Wikipedia/Slickcharts,https://en.wikipedia.org/wiki/List_of_S%26P_500_companies; https://www.slickcharts.com/sp500,2026-06-03,BLDR,BLDR
2026-06-03,BG,BG,,,Bundled current S&P 500 constituent seed cross-checked against Wikipedia/Slickcharts,https://en.wikipedia.org/wiki/List_of_S%26P_500_companies; https://www.slickcharts.com/sp500,2026-06-03,BG,BG
2026-06-03,BXP,BXP,,,Bundled current S&P 500 constituent seed cross-checked against Wikipedia/Slickcharts,https://en.wikipedia.org/wiki/List_of_S%26P_500_companies; https://www.slickcharts.com/sp500,2026-06-03,BXP,BXP
2026-06-03,CHRW,CHRW,,,Bundled current S&P 500 constituent seed cross-checked against Wikipedia/Slickcharts,https://en.wikipedia.org/wiki/List_of_S%26P_500_companies; https://www.slickcharts.com/sp500,2026-06-03,CHRW,CHRW
2026-06-03,CDNS,CDNS,,,Bundled current S&P 500 constituent seed cross-checked against Wikipedia/Slickcharts,https://en.wikipedia.org/wiki/List_of_S%26P_500_companies; https://www.slickcharts.com/sp500,2026-06-03,CDNS,CDNS
2026-06-03,CPT,CPT,,,Bundled current S&P 500 constituent seed cross-checked against Wikipedia/Slickcharts,https://en.wikipedia.org/wiki/List_of_S%26P_500_companies; https://www.slickcharts.com/sp500,2026-06-03,CPT,CPT
2026-06-03,CPB,CPB,,,Bundled current S&P 500 constituent seed cross-checked against Wikipedia/Slickcharts,https://en.wikipedia.org/wiki/List_of_S%26P_500_companies; https://www.slickcharts.com/sp500,2026-06-03,CPB,CPB
2026-06-03,COF,COF,,,Bundled current S&P 500 constituent seed cross-checked against Wikipedia/Slickcharts,https://en.wikipedia.org/wiki/List_of_S%26P_500_companies; https://www.slickcharts.com/sp500,2026-06-03,COF,COF
2026-06-03,CAH,CAH,,,Bundled current S&P 500 constituent seed cross-checked against Wikipedia/Slickcharts,https://en.wikipedia.org/wiki/List_of_S%26P_500_companies; https://www.slickcharts.com/sp500,2026-06-03,CAH,CAH
2026-06-03,CCL,CCL,,,Bundled current S&P 500 constituent seed cross-checked against Wikipedia/Slickcharts,https://en.wikipedia.org/wiki/List_of_S%26P_500_companies; https://www.slickcharts.com/sp500,2026-06-03,CCL,CCL
2026-06-03,CARR,CARR,,,Bundled current S&P 500 constituent seed cross-checked against Wikipedia/Slickcharts,https://en.wikipedia.org/wiki/List_of_S%26P_500_companies; https://www.slickcharts.com/sp500,2026-06-03,CARR,CARR
2026-06-03,CVNA,CVNA,,,Bundled current S&P 500 constituent seed cross-checked against Wikipedia/Slickcharts,https://en.wikipedia.org/wiki/List_of_S%26P_500_companies; https://www.slickcharts.com/sp500,2026-06-03,CVNA,CVNA
2026-06-03,CASY,CASY,,,Bundled current S&P 500 constituent seed cross-checked against Wikipedia/Slickcharts,https://en.wikipedia.org/wiki/List_of_S%26P_500_companies; https://www.slickcharts.com/sp500,2026-06-03,CASY,CASY
2026-06-03,CAT,CAT,,,Bundled current S&P 500 constituent seed cross-checked against Wikipedia/Slickcharts,https://en.wikipedia.org/wiki/List_of_S%26P_500_companies; https://www.slickcharts.com/sp500,2026-06-03,CAT,CAT
2026-06-03,CBOE,CBOE,,,Bundled current S&P 500 constituent seed cross-checked against Wikipedia/Slickcharts,https://en.wikipedia.org/wiki/List_of_S%26P_500_companies; https://www.slickcharts.com/sp500,2026-06-03,CBOE,CBOE
2026-06-03,CBRE,CBRE,,,Bundled current S&P 500 constituent seed cross-checked against Wikipedia/Slickcharts,https://en.wikipedia.org/wiki/List_of_S%26P_500_companies; https://www.slickcharts.com/sp500,2026-06-03,CBRE,CBRE
2026-06-03,CDW,CDW,,,Bundled current S&P 500 constituent seed cross-checked against Wikipedia/Slickcharts,https://en.wikipedia.org/wiki/List_of_S%26P_500_companies; https://www.slickcharts.com/sp500,2026-06-03,CDW,CDW
2026-06-03,COR,COR,,,Bundled current S&P 500 constituent seed cross-checked against Wikipedia/Slickcharts,https://en.wikipedia.org/wiki/List_of_S%26P_500_companies; https://www.slickcharts.com/sp500,2026-06-03,COR,COR
2026-06-03,CNC,CNC,,,Bundled current S&P 500 constituent seed cross-checked against Wikipedia/Slickcharts,https://en.wikipedia.org/wiki/List_of_S%26P_500_companies; https://www.slickcharts.com/sp500,2026-06-03,CNC,CNC
2026-06-03,CNP,CNP,,,Bundled current S&P 500 constituent seed cross-checked against Wikipedia/Slickcharts,https://en.wikipedia.org/wiki/List_of_S%26P_500_companies; https://www.slickcharts.com/sp500,2026-06-03,CNP,CNP
2026-06-03,CF,CF,,,Bundled current S&P 500 constituent seed cross-checked against Wikipedia/Slickcharts,https://en.wikipedia.org/wiki/List_of_S%26P_500_companies; https://www.slickcharts.com/sp500,2026-06-03,CF,CF
2026-06-03,CRL,CRL,,,Bundled current S&P 500 constituent seed cross-checked against Wikipedia/Slickcharts,https://en.wikipedia.org/wiki/List_of_S%26P_500_companies; https://www.slickcharts.com/sp500,2026-06-03,CRL,CRL
2026-06-03,SCHW,SCHW,,,Bundled current S&P 500 constituent seed cross-checked against Wikipedia/Slickcharts,https://en.wikipedia.org/wiki/List_of_S%26P_500_companies; https://www.slickcharts.com/sp500,2026-06-03,SCHW,SCHW
2026-06-03,CHTR,CHTR,,,Bundled current S&P 500 constituent seed cross-checked against Wikipedia/Slickcharts,https://en.wikipedia.org/wiki/List_of_S%26P_500_companies; https://www.slickcharts.com/sp500,2026-06-03,CHTR,CHTR
2026-06-03,CVX,CVX,,,Bundled current S&P 500 constituent seed cross-checked against Wikipedia/Slickcharts,https://en.wikipedia.org/wiki/List_of_S%26P_500_companies; https://www.slickcharts.com/sp500,2026-06-03,CVX,CVX
2026-06-03,CMG,CMG,,,Bundled current S&P 500 constituent seed cross-checked against Wikipedia/Slickcharts,https://en.wikipedia.org/wiki/List_of_S%26P_500_companies; https://www.slickcharts.com/sp500,2026-06-03,CMG,CMG
2026-06-03,CB,CB,,,Bundled current S&P 500 constituent seed cross-checked against Wikipedia/Slickcharts,https://en.wikipedia.org/wiki/List_of_S%26P_500_companies; https://www.slickcharts.com/sp500,2026-06-03,CB,CB
2026-06-03,CHD,CHD,,,Bundled current S&P 500 constituent seed cross-checked against Wikipedia/Slickcharts,https://en.wikipedia.org/wiki/List_of_S%26P_500_companies; https://www.slickcharts.com/sp500,2026-06-03,CHD,CHD
2026-06-03,CIEN,CIEN,,,Bundled current S&P 500 constituent seed cross-checked against Wikipedia/Slickcharts,https://en.wikipedia.org/wiki/List_of_S%26P_500_companies; https://www.slickcharts.com/sp500,2026-06-03,CIEN,CIEN
2026-06-03,CI,CI,,,Bundled current S&P 500 constituent seed cross-checked against Wikipedia/Slickcharts,https://en.wikipedia.org/wiki/List_of_S%26P_500_companies; https://www.slickcharts.com/sp500,2026-06-03,CI,CI
2026-06-03,CINF,CINF,,,Bundled current S&P 500 constituent seed cross-checked against Wikipedia/Slickcharts,https://en.wikipedia.org/wiki/List_of_S%26P_500_companies; https://www.slickcharts.com/sp500,2026-06-03,CINF,CINF
2026-06-03,CTAS,CTAS,,,Bundled current S&P 500 constituent seed cross-checked against Wikipedia/Slickcharts,https://en.wikipedia.org/wiki/List_of_S%26P_500_companies; https://www.slickcharts.com/sp500,2026-06-03,CTAS,CTAS
2026-06-03,CSCO,CSCO,,,Bundled current S&P 500 constituent seed cross-checked against Wikipedia/Slickcharts,https://en.wikipedia.org/wiki/List_of_S%26P_500_companies; https://www.slickcharts.com/sp500,2026-06-03,CSCO,CSCO
2026-06-03,C,C,,,Bundled current S&P 500 constituent seed cross-checked against Wikipedia/Slickcharts,https://en.wikipedia.org/wiki/List_of_S%26P_500_companies; https://www.slickcharts.com/sp500,2026-06-03,C,C
2026-06-03,CFG,CFG,,,Bundled current S&P 500 constituent seed cross-checked against Wikipedia/Slickcharts,https://en.wikipedia.org/wiki/List_of_S%26P_500_companies; https://www.slickcharts.com/sp500,2026-06-03,CFG,CFG
2026-06-03,CLX,CLX,,,Bundled current S&P 500 constituent seed cross-checked against Wikipedia/Slickcharts,https://en.wikipedia.org/wiki/List_of_S%26P_500_companies; https://www.slickcharts.com/sp500,2026-06-03,CLX,CLX
2026-06-03,CME,CME,,,Bundled current S&P 500 constituent seed cross-checked against Wikipedia/Slickcharts,https://en.wikipedia.org/wiki/List_of_S%26P_500_companies; https://www.slickcharts.com/sp500,2026-06-03,CME,CME
2026-06-03,CMS,CMS,,,Bundled current S&P 500 constituent seed cross-checked against Wikipedia/Slickcharts,https://en.wikipedia.org/wiki/List_of_S%26P_500_companies; https://www.slickcharts.com/sp500,2026-06-03,CMS,CMS
2026-06-03,KO,KO,,,Bundled current S&P 500 constituent seed cross-checked against Wikipedia/Slickcharts,https://en.wikipedia.org/wiki/List_of_S%26P_500_companies; https://www.slickcharts.com/sp500,2026-06-03,KO,KO
2026-06-03,CTSH,CTSH,,,Bundled current S&P 500 constituent seed cross-checked against Wikipedia/Slickcharts,https://en.wikipedia.org/wiki/List_of_S%26P_500_companies; https://www.slickcharts.com/sp500,2026-06-03,CTSH,CTSH
2026-06-03,COHR,COHR,,,Bundled current S&P 500 constituent seed cross-checked against Wikipedia/Slickcharts,https://en.wikipedia.org/wiki/List_of_S%26P_500_companies; https://www.slickcharts.com/sp500,2026-06-03,COHR,COHR
2026-06-03,COIN,COIN,,,Bundled current S&P 500 constituent seed cross-checked against Wikipedia/Slickcharts,https://en.wikipedia.org/wiki/List_of_S%26P_500_companies; https://www.slickcharts.com/sp500,2026-06-03,COIN,COIN
2026-06-03,CL,CL,,,Bundled current S&P 500 constituent seed cross-checked against Wikipedia/Slickcharts,https://en.wikipedia.org/wiki/List_of_S%26P_500_companies; https://www.slickcharts.com/sp500,2026-06-03,CL,CL
2026-06-03,CMCSA,CMCSA,,,Bundled current S&P 500 constituent seed cross-checked against Wikipedia/Slickcharts,https://en.wikipedia.org/wiki/List_of_S%26P_500_companies; https://www.slickcharts.com/sp500,2026-06-03,CMCSA,CMCSA
2026-06-03,FIX,FIX,,,Bundled current S&P 500 constituent seed cross-checked against Wikipedia/Slickcharts,https://en.wikipedia.org/wiki/List_of_S%26P_500_companies; https://www.slickcharts.com/sp500,2026-06-03,FIX,FIX
2026-06-03,CAG,CAG,,,Bundled current S&P 500 constituent seed cross-checked against Wikipedia/Slickcharts,https://en.wikipedia.org/wiki/List_of_S%26P_500_companies; https://www.slickcharts.com/sp500,2026-06-03,CAG,CAG
2026-06-03,COP,COP,,,Bundled current S&P 500 constituent seed cross-checked against Wikipedia/Slickcharts,https://en.wikipedia.org/wiki/List_of_S%26P_500_companies; https://www.slickcharts.com/sp500,2026-06-03,COP,COP
2026-06-03,ED,ED,,,Bundled current S&P 500 constituent seed cross-checked against Wikipedia/Slickcharts,https://en.wikipedia.org/wiki/List_of_S%26P_500_companies; https://www.slickcharts.com/sp500,2026-06-03,ED,ED
2026-06-03,STZ,STZ,,,Bundled current S&P 500 constituent seed cross-checked against Wikipedia/Slickcharts,https://en.wikipedia.org/wiki/List_of_S%26P_500_companies; https://www.slickcharts.com/sp500,2026-06-03,STZ,STZ
2026-06-03,CEG,CEG,,,Bundled current S&P 500 constituent seed cross-checked against Wikipedia/Slickcharts,https://en.wikipedia.org/wiki/List_of_S%26P_500_companies; https://www.slickcharts.com/sp500,2026-06-03,CEG,CEG
2026-06-03,COO,COO,,,Bundled current S&P 500 constituent seed cross-checked against Wikipedia/Slickcharts,https://en.wikipedia.org/wiki/List_of_S%26P_500_companies; https://www.slickcharts.com/sp500,2026-06-03,COO,COO
2026-06-03,CPRT,CPRT,,,Bundled current S&P 500 constituent seed cross-checked against Wikipedia/Slickcharts,https://en.wikipedia.org/wiki/List_of_S%26P_500_companies; https://www.slickcharts.com/sp500,2026-06-03,CPRT,CPRT
2026-06-03,GLW,GLW,,,Bundled current S&P 500 constituent seed cross-checked against Wikipedia/Slickcharts,https://en.wikipedia.org/wiki/List_of_S%26P_500_companies; https://www.slickcharts.com/sp500,2026-06-03,GLW,GLW
2026-06-03,CPAY,CPAY,,,Bundled current S&P 500 constituent seed cross-checked against Wikipedia/Slickcharts,https://en.wikipedia.org/wiki/List_of_S%26P_500_companies; https://www.slickcharts.com/sp500,2026-06-03,CPAY,CPAY
2026-06-03,CTVA,CTVA,,,Bundled current S&P 500 constituent seed cross-checked against Wikipedia/Slickcharts,https://en.wikipedia.org/wiki/List_of_S%26P_500_companies; https://www.slickcharts.com/sp500,2026-06-03,CTVA,CTVA
2026-06-03,CSGP,CSGP,,,Bundled current S&P 500 constituent seed cross-checked against Wikipedia/Slickcharts,https://en.wikipedia.org/wiki/List_of_S%26P_500_companies; https://www.slickcharts.com/sp500,2026-06-03,CSGP,CSGP
2026-06-03,COST,COST,,,Bundled current S&P 500 constituent seed cross-checked against Wikipedia/Slickcharts,https://en.wikipedia.org/wiki/List_of_S%26P_500_companies; https://www.slickcharts.com/sp500,2026-06-03,COST,COST
2026-06-03,CRH,CRH,,,Bundled current S&P 500 constituent seed cross-checked against Wikipedia/Slickcharts,https://en.wikipedia.org/wiki/List_of_S%26P_500_companies; https://www.slickcharts.com/sp500,2026-06-03,CRH,CRH
2026-06-03,CRWD,CRWD,,,Bundled current S&P 500 constituent seed cross-checked against Wikipedia/Slickcharts,https://en.wikipedia.org/wiki/List_of_S%26P_500_companies; https://www.slickcharts.com/sp500,2026-06-03,CRWD,CRWD
2026-06-03,CCI,CCI,,,Bundled current S&P 500 constituent seed cross-checked against Wikipedia/Slickcharts,https://en.wikipedia.org/wiki/List_of_S%26P_500_companies; https://www.slickcharts.com/sp500,2026-06-03,CCI,CCI
2026-06-03,CSX,CSX,,,Bundled current S&P 500 constituent seed cross-checked against Wikipedia/Slickcharts,https://en.wikipedia.org/wiki/List_of_S%26P_500_companies; https://www.slickcharts.com/sp500,2026-06-03,CSX,CSX
2026-06-03,CMI,CMI,,,Bundled current S&P 500 constituent seed cross-checked against Wikipedia/Slickcharts,https://en.wikipedia.org/wiki/List_of_S%26P_500_companies; https://www.slickcharts.com/sp500,2026-06-03,CMI,CMI
2026-06-03,CVS,CVS,,,Bundled current S&P 500 constituent seed cross-checked against Wikipedia/Slickcharts,https://en.wikipedia.org/wiki/List_of_S%26P_500_companies; https://www.slickcharts.com/sp500,2026-06-03,CVS,CVS
2026-06-03,DHR,DHR,,,Bundled current S&P 500 constituent seed cross-checked against Wikipedia/Slickcharts,https://en.wikipedia.org/wiki/List_of_S%26P_500_companies; https://www.slickcharts.com/sp500,2026-06-03,DHR,DHR
2026-06-03,DRI,DRI,,,Bundled current S&P 500 constituent seed cross-checked against Wikipedia/Slickcharts,https://en.wikipedia.org/wiki/List_of_S%26P_500_companies; https://www.slickcharts.com/sp500,2026-06-03,DRI,DRI
2026-06-03,DDOG,DDOG,,,Bundled current S&P 500 constituent seed cross-checked against Wikipedia/Slickcharts,https://en.wikipedia.org/wiki/List_of_S%26P_500_companies; https://www.slickcharts.com/sp500,2026-06-03,DDOG,DDOG
2026-06-03,DVA,DVA,,,Bundled current S&P 500 constituent seed cross-checked against Wikipedia/Slickcharts,https://en.wikipedia.org/wiki/List_of_S%26P_500_companies; https://www.slickcharts.com/sp500,2026-06-03,DVA,DVA
2026-06-03,DECK,DECK,,,Bundled current S&P 500 constituent seed cross-checked against Wikipedia/Slickcharts,https://en.wikipedia.org/wiki/List_of_S%26P_500_companies; https://www.slickcharts.com/sp500,2026-06-03,DECK,DECK
2026-06-03,DE,DE,,,Bundled current S&P 500 constituent seed cross-checked against Wikipedia/Slickcharts,https://en.wikipedia.org/wiki/List_of_S%26P_500_companies; https://www.slickcharts.com/sp500,2026-06-03,DE,DE
2026-06-03,DELL,DELL,,,Bundled current S&P 500 constituent seed cross-checked against Wikipedia/Slickcharts,https://en.wikipedia.org/wiki/List_of_S%26P_500_companies; https://www.slickcharts.com/sp500,2026-06-03,DELL,DELL
2026-06-03,DAL,DAL,,,Bundled current S&P 500 constituent seed cross-checked against Wikipedia/Slickcharts,https://en.wikipedia.org/wiki/List_of_S%26P_500_companies; https://www.slickcharts.com/sp500,2026-06-03,DAL,DAL
2026-06-03,DVN,DVN,,,Bundled current S&P 500 constituent seed cross-checked against Wikipedia/Slickcharts,https://en.wikipedia.org/wiki/List_of_S%26P_500_companies; https://www.slickcharts.com/sp500,2026-06-03,DVN,DVN
2026-06-03,DXCM,DXCM,,,Bundled current S&P 500 constituent seed cross-checked against Wikipedia/Slickcharts,https://en.wikipedia.org/wiki/List_of_S%26P_500_companies; https://www.slickcharts.com/sp500,2026-06-03,DXCM,DXCM
2026-06-03,FANG,FANG,,,Bundled current S&P 500 constituent seed cross-checked against Wikipedia/Slickcharts,https://en.wikipedia.org/wiki/List_of_S%26P_500_companies; https://www.slickcharts.com/sp500,2026-06-03,FANG,FANG
2026-06-03,DLR,DLR,,,Bundled current S&P 500 constituent seed cross-checked against Wikipedia/Slickcharts,https://en.wikipedia.org/wiki/List_of_S%26P_500_companies; https://www.slickcharts.com/sp500,2026-06-03,DLR,DLR
2026-06-03,DG,DG,,,Bundled current S&P 500 constituent seed cross-checked against Wikipedia/Slickcharts,https://en.wikipedia.org/wiki/List_of_S%26P_500_companies; https://www.slickcharts.com/sp500,2026-06-03,DG,DG
2026-06-03,DLTR,DLTR,,,Bundled current S&P 500 constituent seed cross-checked against Wikipedia/Slickcharts,https://en.wikipedia.org/wiki/List_of_S%26P_500_companies; https://www.slickcharts.com/sp500,2026-06-03,DLTR,DLTR
2026-06-03,D,D,,,Bundled current S&P 500 constituent seed cross-checked against Wikipedia/Slickcharts,https://en.wikipedia.org/wiki/List_of_S%26P_500_companies; https://www.slickcharts.com/sp500,2026-06-03,D,D
2026-06-03,DPZ,DPZ,,,Bundled current S&P 500 constituent seed cross-checked against Wikipedia/Slickcharts,https://en.wikipedia.org/wiki/List_of_S%26P_500_companies; https://www.slickcharts.com/sp500,2026-06-03,DPZ,DPZ
2026-06-03,DASH,DASH,,,Bundled current S&P 500 constituent seed cross-checked against Wikipedia/Slickcharts,https://en.wikipedia.org/wiki/List_of_S%26P_500_companies; https://www.slickcharts.com/sp500,2026-06-03,DASH,DASH
2026-06-03,DOV,DOV,,,Bundled current S&P 500 constituent seed cross-checked against Wikipedia/Slickcharts,https://en.wikipedia.org/wiki/List_of_S%26P_500_companies; https://www.slickcharts.com/sp500,2026-06-03,DOV,DOV
2026-06-03,DOW,DOW,,,Bundled current S&P 500 constituent seed cross-checked against Wikipedia/Slickcharts,https://en.wikipedia.org/wiki/List_of_S%26P_500_companies; https://www.slickcharts.com/sp500,2026-06-03,DOW,DOW
2026-06-03,DHI,DHI,,,Bundled current S&P 500 constituent seed cross-checked against Wikipedia/Slickcharts,https://en.wikipedia.org/wiki/List_of_S%26P_500_companies; https://www.slickcharts.com/sp500,2026-06-03,DHI,DHI
2026-06-03,DTE,DTE,,,Bundled current S&P 500 constituent seed cross-checked against Wikipedia/Slickcharts,https://en.wikipedia.org/wiki/List_of_S%26P_500_companies; https://www.slickcharts.com/sp500,2026-06-03,DTE,DTE
2026-06-03,DUK,DUK,,,Bundled current S&P 500 constituent seed cross-checked against Wikipedia/Slickcharts,https://en.wikipedia.org/wiki/List_of_S%26P_500_companies; https://www.slickcharts.com/sp500,2026-06-03,DUK,DUK
2026-06-03,DD,DD,,,Bundled current S&P 500 constituent seed cross-checked against Wikipedia/Slickcharts,https://en.wikipedia.org/wiki/List_of_S%26P_500_companies; https://www.slickcharts.com/sp500,2026-06-03,DD,DD
2026-06-03,EMN,EMN,,,Bundled current S&P 500 constituent seed cross-checked against Wikipedia/Slickcharts,https://en.wikipedia.org/wiki/List_of_S%26P_500_companies; https://www.slickcharts.com/sp500,2026-06-03,EMN,EMN
2026-06-03,ETN,ETN,,,Bundled current S&P 500 constituent seed cross-checked against Wikipedia/Slickcharts,https://en.wikipedia.org/wiki/List_of_S%26P_500_companies; https://www.slickcharts.com/sp500,2026-06-03,ETN,ETN
2026-06-03,EBAY,EBAY,,,Bundled current S&P 500 constituent seed cross-checked against Wikipedia/Slickcharts,https://en.wikipedia.org/wiki/List_of_S%26P_500_companies; https://www.slickcharts.com/sp500,2026-06-03,EBAY,EBAY
2026-06-03,ECL,ECL,,,Bundled current S&P 500 constituent seed cross-checked against Wikipedia/Slickcharts,https://en.wikipedia.org/wiki/List_of_S%26P_500_companies; https://www.slickcharts.com/sp500,2026-06-03,ECL,ECL
2026-06-03,EIX,EIX,,,Bundled current S&P 500 constituent seed cross-checked against Wikipedia/Slickcharts,https://en.wikipedia.org/wiki/List_of_S%26P_500_companies; https://www.slickcharts.com/sp500,2026-06-03,EIX,EIX
2026-06-03,EW,EW,,,Bundled current S&P 500 constituent seed cross-checked against Wikipedia/Slickcharts,https://en.wikipedia.org/wiki/List_of_S%26P_500_companies; https://www.slickcharts.com/sp500,2026-06-03,EW,EW
2026-06-03,EA,EA,,,Bundled current S&P 500 constituent seed cross-checked against Wikipedia/Slickcharts,https://en.wikipedia.org/wiki/List_of_S%26P_500_companies; https://www.slickcharts.com/sp500,2026-06-03,EA,EA
2026-06-03,ELV,ELV,,,Bundled current S&P 500 constituent seed cross-checked against Wikipedia/Slickcharts,https://en.wikipedia.org/wiki/List_of_S%26P_500_companies; https://www.slickcharts.com/sp500,2026-06-03,ELV,ELV
2026-06-03,EMR,EMR,,,Bundled current S&P 500 constituent seed cross-checked against Wikipedia/Slickcharts,https://en.wikipedia.org/wiki/List_of_S%26P_500_companies; https://www.slickcharts.com/sp500,2026-06-03,EMR,EMR
2026-06-03,EME,EME,,,Bundled current S&P 500 constituent seed cross-checked against Wikipedia/Slickcharts,https://en.wikipedia.org/wiki/List_of_S%26P_500_companies; https://www.slickcharts.com/sp500,2026-06-03,EME,EME
2026-06-03,ETR,ETR,,,Bundled current S&P 500 constituent seed cross-checked against Wikipedia/Slickcharts,https://en.wikipedia.org/wiki/List_of_S%26P_500_companies; https://www.slickcharts.com/sp500,2026-06-03,ETR,ETR
2026-06-03,EOG,EOG,,,Bundled current S&P 500 constituent seed cross-checked against Wikipedia/Slickcharts,https://en.wikipedia.org/wiki/List_of_S%26P_500_companies; https://www.slickcharts.com/sp500,2026-06-03,EOG,EOG
2026-06-03,EPAM,EPAM,,,Bundled current S&P 500 constituent seed cross-checked against Wikipedia/Slickcharts,https://en.wikipedia.org/wiki/List_of_S%26P_500_companies; https://www.slickcharts.com/sp500,2026-06-03,EPAM,EPAM
2026-06-03,EQT,EQT,,,Bundled current S&P 500 constituent seed cross-checked against Wikipedia/Slickcharts,https://en.wikipedia.org/wiki/List_of_S%26P_500_companies; https://www.slickcharts.com/sp500,2026-06-03,EQT,EQT
2026-06-03,EFX,EFX,,,Bundled current S&P 500 constituent seed cross-checked against Wikipedia/Slickcharts,https://en.wikipedia.org/wiki/List_of_S%26P_500_companies; https://www.slickcharts.com/sp500,2026-06-03,EFX,EFX
2026-06-03,EQIX,EQIX,,,Bundled current S&P 500 constituent seed cross-checked against Wikipedia/Slickcharts,https://en.wikipedia.org/wiki/List_of_S%26P_500_companies; https://www.slickcharts.com/sp500,2026-06-03,EQIX,EQIX
2026-06-03,EQR,EQR,,,Bundled current S&P 500 constituent seed cross-checked against Wikipedia/Slickcharts,https://en.wikipedia.org/wiki/List_of_S%26P_500_companies; https://www.slickcharts.com/sp500,2026-06-03,EQR,EQR
2026-06-03,ERIE,ERIE,,,Bundled current S&P 500 constituent seed cross-checked against Wikipedia/Slickcharts,https://en.wikipedia.org/wiki/List_of_S%26P_500_companies; https://www.slickcharts.com/sp500,2026-06-03,ERIE,ERIE
2026-06-03,ESS,ESS,,,Bundled current S&P 500 constituent seed cross-checked against Wikipedia/Slickcharts,https://en.wikipedia.org/wiki/List_of_S%26P_500_companies; https://www.slickcharts.com/sp500,2026-06-03,ESS,ESS
2026-06-03,EL,EL,,,Bundled current S&P 500 constituent seed cross-checked against Wikipedia/Slickcharts,https://en.wikipedia.org/wiki/List_of_S%26P_500_companies; https://www.slickcharts.com/sp500,2026-06-03,EL,EL
2026-06-03,EXC,EXC,,,Bundled current S&P 500 constituent seed cross-checked against Wikipedia/Slickcharts,https://en.wikipedia.org/wiki/List_of_S%26P_500_companies; https://www.slickcharts.com/sp500,2026-06-03,EXC,EXC
2026-06-03,EXE,EXE,,,Bundled current S&P 500 constituent seed cross-checked against Wikipedia/Slickcharts,https://en.wikipedia.org/wiki/List_of_S%26P_500_companies; https://www.slickcharts.com/sp500,2026-06-03,EXE,EXE
2026-06-03,EXPE,EXPE,,,Bundled current S&P 500 constituent seed cross-checked against Wikipedia/Slickcharts,https://en.wikipedia.org/wiki/List_of_S%26P_500_companies; https://www.slickcharts.com/sp500,2026-06-03,EXPE,EXPE
2026-06-03,EXPD,EXPD,,,Bundled current S&P 500 constituent seed cross-checked against Wikipedia/Slickcharts,https://en.wikipedia.org/wiki/List_of_S%26P_500_companies; https://www.slickcharts.com/sp500,2026-06-03,EXPD,EXPD
2026-06-03,EXR,EXR,,,Bundled current S&P 500 constituent seed cross-checked against Wikipedia/Slickcharts,https://en.wikipedia.org/wiki/List_of_S%26P_500_companies; https://www.slickcharts.com/sp500,2026-06-03,EXR,EXR
2026-06-03,XOM,XOM,,,Bundled current S&P 500 constituent seed cross-checked against Wikipedia/Slickcharts,https://en.wikipedia.org/wiki/List_of_S%26P_500_companies; https://www.slickcharts.com/sp500,2026-06-03,XOM,XOM
2026-06-03,FFIV,FFIV,,,Bundled current S&P 500 constituent seed cross-checked against Wikipedia/Slickcharts,https://en.wikipedia.org/wiki/List_of_S%26P_500_companies; https://www.slickcharts.com/sp500,2026-06-03,FFIV,FFIV
2026-06-03,FDS,FDS,,,Bundled current S&P 500 constituent seed cross-checked against Wikipedia/Slickcharts,https://en.wikipedia.org/wiki/List_of_S%26P_500_companies; https://www.slickcharts.com/sp500,2026-06-03,FDS,FDS
2026-06-03,FICO,FICO,,,Bundled current S&P 500 constituent seed cross-checked against Wikipedia/Slickcharts,https://en.wikipedia.org/wiki/List_of_S%26P_500_companies; https://www.slickcharts.com/sp500,2026-06-03,FICO,FICO
2026-06-03,FAST,FAST,,,Bundled current S&P 500 constituent seed cross-checked against Wikipedia/Slickcharts,https://en.wikipedia.org/wiki/List_of_S%26P_500_companies; https://www.slickcharts.com/sp500,2026-06-03,FAST,FAST
2026-06-03,FRT,FRT,,,Bundled current S&P 500 constituent seed cross-checked against Wikipedia/Slickcharts,https://en.wikipedia.org/wiki/List_of_S%26P_500_companies; https://www.slickcharts.com/sp500,2026-06-03,FRT,FRT
2026-06-03,FDX,FDX,,,Bundled current S&P 500 constituent seed cross-checked against Wikipedia/Slickcharts,https://en.wikipedia.org/wiki/List_of_S%26P_500_companies; https://www.slickcharts.com/sp500,2026-06-03,FDX,FDX
2026-06-03,FIS,FIS,,,Bundled current S&P 500 constituent seed cross-checked against Wikipedia/Slickcharts,https://en.wikipedia.org/wiki/List_of_S%26P_500_companies; https://www.slickcharts.com/sp500,2026-06-03,FIS,FIS
2026-06-03,FITB,FITB,,,Bundled current S&P 500 constituent seed cross-checked against Wikipedia/Slickcharts,https://en.wikipedia.org/wiki/List_of_S%26P_500_companies; https://www.slickcharts.com/sp500,2026-06-03,FITB,FITB
2026-06-03,FE,FE,,,Bundled current S&P 500 constituent seed cross-checked against Wikipedia/Slickcharts,https://en.wikipedia.org/wiki/List_of_S%26P_500_companies; https://www.slickcharts.com/sp500,2026-06-03,FE,FE
2026-06-03,FI,FI,,,Bundled current S&P 500 constituent seed cross-checked against Wikipedia/Slickcharts,https://en.wikipedia.org/wiki/List_of_S%26P_500_companies; https://www.slickcharts.com/sp500,2026-06-03,FI,FI
2026-06-03,FSLR,FSLR,,,Bundled current S&P 500 constituent seed cross-checked against Wikipedia/Slickcharts,https://en.wikipedia.org/wiki/List_of_S%26P_500_companies; https://www.slickcharts.com/sp500,2026-06-03,FSLR,FSLR
2026-06-03,FMC,FMC,,,Bundled current S&P 500 constituent seed cross-checked against Wikipedia/Slickcharts,https://en.wikipedia.org/wiki/List_of_S%26P_500_companies; https://www.slickcharts.com/sp500,2026-06-03,FMC,FMC
2026-06-03,F,F,,,Bundled current S&P 500 constituent seed cross-checked against Wikipedia/Slickcharts,https://en.wikipedia.org/wiki/List_of_S%26P_500_companies; https://www.slickcharts.com/sp500,2026-06-03,F,F
2026-06-03,FOXA,FOXA,,,Bundled current S&P 500 constituent seed cross-checked against Wikipedia/Slickcharts,https://en.wikipedia.org/wiki/List_of_S%26P_500_companies; https://www.slickcharts.com/sp500,2026-06-03,FOXA,FOXA
2026-06-03,FOX,FOX,,,Bundled current S&P 500 constituent seed cross-checked against Wikipedia/Slickcharts,https://en.wikipedia.org/wiki/List_of_S%26P_500_companies; https://www.slickcharts.com/sp500,2026-06-03,FOX,FOX
2026-06-03,BEN,BEN,,,Bundled current S&P 500 constituent seed cross-checked against Wikipedia/Slickcharts,https://en.wikipedia.org/wiki/List_of_S%26P_500_companies; https://www.slickcharts.com/sp500,2026-06-03,BEN,BEN
2026-06-03,FCX,FCX,,,Bundled current S&P 500 constituent seed cross-checked against Wikipedia/Slickcharts,https://en.wikipedia.org/wiki/List_of_S%26P_500_companies; https://www.slickcharts.com/sp500,2026-06-03,FCX,FCX
2026-06-03,GRMN,GRMN,,,Bundled current S&P 500 constituent seed cross-checked against Wikipedia/Slickcharts,https://en.wikipedia.org/wiki/List_of_S%26P_500_companies; https://www.slickcharts.com/sp500,2026-06-03,GRMN,GRMN
2026-06-03,IT,IT,,,Bundled current S&P 500 constituent seed cross-checked against Wikipedia/Slickcharts,https://en.wikipedia.org/wiki/List_of_S%26P_500_companies; https://www.slickcharts.com/sp500,2026-06-03,IT,IT
2026-06-03,GE,GE,,,Bundled current S&P 500 constituent seed cross-checked against Wikipedia/Slickcharts,https://en.wikipedia.org/wiki/List_of_S%26P_500_companies; https://www.slickcharts.com/sp500,2026-06-03,GE,GE
2026-06-03,GEHC,GEHC,,,Bundled current S&P 500 constituent seed cross-checked against Wikipedia/Slickcharts,https://en.wikipedia.org/wiki/List_of_S%26P_500_companies; https://www.slickcharts.com/sp500,2026-06-03,GEHC,GEHC
2026-06-03,GEV,GEV,,,Bundled current S&P 500 constituent seed cross-checked against Wikipedia/Slickcharts,https://en.wikipedia.org/wiki/List_of_S%26P_500_companies; https://www.slickcharts.com/sp500,2026-06-03,GEV,GEV
2026-06-03,GEN,GEN,,,Bundled current S&P 500 constituent seed cross-checked against Wikipedia/Slickcharts,https://en.wikipedia.org/wiki/List_of_S%26P_500_companies; https://www.slickcharts.com/sp500,2026-06-03,GEN,GEN
2026-06-03,GNRC,GNRC,,,Bundled current S&P 500 constituent seed cross-checked against Wikipedia/Slickcharts,https://en.wikipedia.org/wiki/List_of_S%26P_500_companies; https://www.slickcharts.com/sp500,2026-06-03,GNRC,GNRC
2026-06-03,GD,GD,,,Bundled current S&P 500 constituent seed cross-checked against Wikipedia/Slickcharts,https://en.wikipedia.org/wiki/List_of_S%26P_500_companies; https://www.slickcharts.com/sp500,2026-06-03,GD,GD
2026-06-03,GIS,GIS,,,Bundled current S&P 500 constituent seed cross-checked against Wikipedia/Slickcharts,https://en.wikipedia.org/wiki/List_of_S%26P_500_companies; https://www.slickcharts.com/sp500,2026-06-03,GIS,GIS
2026-06-03,GM,GM,,,Bundled current S&P 500 constituent seed cross-checked against Wikipedia/Slickcharts,https://en.wikipedia.org/wiki/List_of_S%26P_500_companies; https://www.slickcharts.com/sp500,2026-06-03,GM,GM
2026-06-03,GPC,GPC,,,Bundled current S&P 500 constituent seed cross-checked against Wikipedia/Slickcharts,https://en.wikipedia.org/wiki/List_of_S%26P_500_companies; https://www.slickcharts.com/sp500,2026-06-03,GPC,GPC
2026-06-03,GILD,GILD,,,Bundled current S&P 500 constituent seed cross-checked against Wikipedia/Slickcharts,https://en.wikipedia.org/wiki/List_of_S%26P_500_companies; https://www.slickcharts.com/sp500,2026-06-03,GILD,GILD
2026-06-03,GPN,GPN,,,Bundled current S&P 500 constituent seed cross-checked against Wikipedia/Slickcharts,https://en.wikipedia.org/wiki/List_of_S%26P_500_companies; https://www.slickcharts.com/sp500,2026-06-03,GPN,GPN
2026-06-03,GL,GL,,,Bundled current S&P 500 constituent seed cross-checked against Wikipedia/Slickcharts,https://en.wikipedia.org/wiki/List_of_S%26P_500_companies; https://www.slickcharts.com/sp500,2026-06-03,GL,GL
2026-06-03,GDDY,GDDY,,,Bundled current S&P 500 constituent seed cross-checked against Wikipedia/Slickcharts,https://en.wikipedia.org/wiki/List_of_S%26P_500_companies; https://www.slickcharts.com/sp500,2026-06-03,GDDY,GDDY
2026-06-03,GS,GS,,,Bundled current S&P 500 constituent seed cross-checked against Wikipedia/Slickcharts,https://en.wikipedia.org/wiki/List_of_S%26P_500_companies; https://www.slickcharts.com/sp500,2026-06-03,GS,GS
2026-06-03,HAL,HAL,,,Bundled current S&P 500 constituent seed cross-checked against Wikipedia/Slickcharts,https://en.wikipedia.org/wiki/List_of_S%26P_500_companies; https://www.slickcharts.com/sp500,2026-06-03,HAL,HAL
2026-06-03,HIG,HIG,,,Bundled current S&P 500 constituent seed cross-checked against Wikipedia/Slickcharts,https://en.wikipedia.org/wiki/List_of_S%26P_500_companies; https://www.slickcharts.com/sp500,2026-06-03,HIG,HIG
2026-06-03,HAS,HAS,,,Bundled current S&P 500 constituent seed cross-checked against Wikipedia/Slickcharts,https://en.wikipedia.org/wiki/List_of_S%26P_500_companies; https://www.slickcharts.com/sp500,2026-06-03,HAS,HAS
2026-06-03,HCA,HCA,,,Bundled current S&P 500 constituent seed cross-checked against Wikipedia/Slickcharts,https://en.wikipedia.org/wiki/List_of_S%26P_500_companies; https://www.slickcharts.com/sp500,2026-06-03,HCA,HCA
2026-06-03,DOC,DOC,,,Bundled current S&P 500 constituent seed cross-checked against Wikipedia/Slickcharts,https://en.wikipedia.org/wiki/List_of_S%26P_500_companies; https://www.slickcharts.com/sp500,2026-06-03,DOC,DOC
2026-06-03,HSIC,HSIC,,,Bundled current S&P 500 constituent seed cross-checked against Wikipedia/Slickcharts,https://en.wikipedia.org/wiki/List_of_S%26P_500_companies; https://www.slickcharts.com/sp500,2026-06-03,HSIC,HSIC
2026-06-03,HSY,HSY,,,Bundled current S&P 500 constituent seed cross-checked against Wikipedia/Slickcharts,https://en.wikipedia.org/wiki/List_of_S%26P_500_companies; https://www.slickcharts.com/sp500,2026-06-03,HSY,HSY
2026-06-03,HPE,HPE,,,Bundled current S&P 500 constituent seed cross-checked against Wikipedia/Slickcharts,https://en.wikipedia.org/wiki/List_of_S%26P_500_companies; https://www.slickcharts.com/sp500,2026-06-03,HPE,HPE
2026-06-03,HLT,HLT,,,Bundled current S&P 500 constituent seed cross-checked against Wikipedia/Slickcharts,https://en.wikipedia.org/wiki/List_of_S%26P_500_companies; https://www.slickcharts.com/sp500,2026-06-03,HLT,HLT
2026-06-03,HD,HD,,,Bundled current S&P 500 constituent seed cross-checked against Wikipedia/Slickcharts,https://en.wikipedia.org/wiki/List_of_S%26P_500_companies; https://www.slickcharts.com/sp500,2026-06-03,HD,HD
2026-06-03,HON,HON,,,Bundled current S&P 500 constituent seed cross-checked against Wikipedia/Slickcharts,https://en.wikipedia.org/wiki/List_of_S%26P_500_companies; https://www.slickcharts.com/sp500,2026-06-03,HON,HON
2026-06-03,HRL,HRL,,,Bundled current S&P 500 constituent seed cross-checked against Wikipedia/Slickcharts,https://en.wikipedia.org/wiki/List_of_S%26P_500_companies; https://www.slickcharts.com/sp500,2026-06-03,HRL,HRL
2026-06-03,HST,HST,,,Bundled current S&P 500 constituent seed cross-checked against Wikipedia/Slickcharts,https://en.wikipedia.org/wiki/List_of_S%26P_500_companies; https://www.slickcharts.com/sp500,2026-06-03,HST,HST
2026-06-03,HWM,HWM,,,Bundled current S&P 500 constituent seed cross-checked against Wikipedia/Slickcharts,https://en.wikipedia.org/wiki/List_of_S%26P_500_companies; https://www.slickcharts.com/sp500,2026-06-03,HWM,HWM
2026-06-03,HPQ,HPQ,,,Bundled current S&P 500 constituent seed cross-checked against Wikipedia/Slickcharts,https://en.wikipedia.org/wiki/List_of_S%26P_500_companies; https://www.slickcharts.com/sp500,2026-06-03,HPQ,HPQ
2026-06-03,HUBB,HUBB,,,Bundled current S&P 500 constituent seed cross-checked against Wikipedia/Slickcharts,https://en.wikipedia.org/wiki/List_of_S%26P_500_companies; https://www.slickcharts.com/sp500,2026-06-03,HUBB,HUBB
2026-06-03,HUM,HUM,,,Bundled current S&P 500 constituent seed cross-checked against Wikipedia/Slickcharts,https://en.wikipedia.org/wiki/List_of_S%26P_500_companies; https://www.slickcharts.com/sp500,2026-06-03,HUM,HUM
2026-06-03,HBAN,HBAN,,,Bundled current S&P 500 constituent seed cross-checked against Wikipedia/Slickcharts,https://en.wikipedia.org/wiki/List_of_S%26P_500_companies; https://www.slickcharts.com/sp500,2026-06-03,HBAN,HBAN
2026-06-03,HII,HII,,,Bundled current S&P 500 constituent seed cross-checked against Wikipedia/Slickcharts,https://en.wikipedia.org/wiki/List_of_S%26P_500_companies; https://www.slickcharts.com/sp500,2026-06-03,HII,HII
2026-06-03,IBM,IBM,,,Bundled current S&P 500 constituent seed cross-checked against Wikipedia/Slickcharts,https://en.wikipedia.org/wiki/List_of_S%26P_500_companies; https://www.slickcharts.com/sp500,2026-06-03,IBM,IBM
2026-06-03,IEX,IEX,,,Bundled current S&P 500 constituent seed cross-checked against Wikipedia/Slickcharts,https://en.wikipedia.org/wiki/List_of_S%26P_500_companies; https://www.slickcharts.com/sp500,2026-06-03,IEX,IEX
2026-06-03,IDXX,IDXX,,,Bundled current S&P 500 constituent seed cross-checked against Wikipedia/Slickcharts,https://en.wikipedia.org/wiki/List_of_S%26P_500_companies; https://www.slickcharts.com/sp500,2026-06-03,IDXX,IDXX
2026-06-03,ITW,ITW,,,Bundled current S&P 500 constituent seed cross-checked against Wikipedia/Slickcharts,https://en.wikipedia.org/wiki/List_of_S%26P_500_companies; https://www.slickcharts.com/sp500,2026-06-03,ITW,ITW
2026-06-03,INCY,INCY,,,Bundled current S&P 500 constituent seed cross-checked against Wikipedia/Slickcharts,https://en.wikipedia.org/wiki/List_of_S%26P_500_companies; https://www.slickcharts.com/sp500,2026-06-03,INCY,INCY
2026-06-03,IR,IR,,,Bundled current S&P 500 constituent seed cross-checked against Wikipedia/Slickcharts,https://en.wikipedia.org/wiki/List_of_S%26P_500_companies; https://www.slickcharts.com/sp500,2026-06-03,IR,IR
2026-06-03,PODD,PODD,,,Bundled current S&P 500 constituent seed cross-checked against Wikipedia/Slickcharts,https://en.wikipedia.org/wiki/List_of_S%26P_500_companies; https://www.slickcharts.com/sp500,2026-06-03,PODD,PODD
2026-06-03,INTC,INTC,,,Bundled current S&P 500 constituent seed cross-checked against Wikipedia/Slickcharts,https://en.wikipedia.org/wiki/List_of_S%26P_500_companies; https://www.slickcharts.com/sp500,2026-06-03,INTC,INTC
2026-06-03,ICE,ICE,,,Bundled current S&P 500 constituent seed cross-checked against Wikipedia/Slickcharts,https://en.wikipedia.org/wiki/List_of_S%26P_500_companies; https://www.slickcharts.com/sp500,2026-06-03,ICE,ICE
2026-06-03,IFF,IFF,,,Bundled current S&P 500 constituent seed cross-checked against Wikipedia/Slickcharts,https://en.wikipedia.org/wiki/List_of_S%26P_500_companies; https://www.slickcharts.com/sp500,2026-06-03,IFF,IFF
2026-06-03,IP,IP,,,Bundled current S&P 500 constituent seed cross-checked against Wikipedia/Slickcharts,https://en.wikipedia.org/wiki/List_of_S%26P_500_companies; https://www.slickcharts.com/sp500,2026-06-03,IP,IP
2026-06-03,IPG,IPG,,,Bundled current S&P 500 constituent seed cross-checked against Wikipedia/Slickcharts,https://en.wikipedia.org/wiki/List_of_S%26P_500_companies; https://www.slickcharts.com/sp500,2026-06-03,IPG,IPG
2026-06-03,INTU,INTU,,,Bundled current S&P 500 constituent seed cross-checked against Wikipedia/Slickcharts,https://en.wikipedia.org/wiki/List_of_S%26P_500_companies; https://www.slickcharts.com/sp500,2026-06-03,INTU,INTU
2026-06-03,ISRG,ISRG,,,Bundled current S&P 500 constituent seed cross-checked against Wikipedia/Slickcharts,https://en.wikipedia.org/wiki/List_of_S%26P_500_companies; https://www.slickcharts.com/sp500,2026-06-03,ISRG,ISRG
2026-06-03,IVZ,IVZ,,,Bundled current S&P 500 constituent seed cross-checked against Wikipedia/Slickcharts,https://en.wikipedia.org/wiki/List_of_S%26P_500_companies; https://www.slickcharts.com/sp500,2026-06-03,IVZ,IVZ
2026-06-03,INVH,INVH,,,Bundled current S&P 500 constituent seed cross-checked against Wikipedia/Slickcharts,https://en.wikipedia.org/wiki/List_of_S%26P_500_companies; https://www.slickcharts.com/sp500,2026-06-03,INVH,INVH
2026-06-03,IQV,IQV,,,Bundled current S&P 500 constituent seed cross-checked against Wikipedia/Slickcharts,https://en.wikipedia.org/wiki/List_of_S%26P_500_companies; https://www.slickcharts.com/sp500,2026-06-03,IQV,IQV
2026-06-03,IRM,IRM,,,Bundled current S&P 500 constituent seed cross-checked against Wikipedia/Slickcharts,https://en.wikipedia.org/wiki/List_of_S%26P_500_companies; https://www.slickcharts.com/sp500,2026-06-03,IRM,IRM
2026-06-03,JBHT,JBHT,,,Bundled current S&P 500 constituent seed cross-checked against Wikipedia/Slickcharts,https://en.wikipedia.org/wiki/List_of_S%26P_500_companies; https://www.slickcharts.com/sp500,2026-06-03,JBHT,JBHT
2026-06-03,JBL,JBL,,,Bundled current S&P 500 constituent seed cross-checked against Wikipedia/Slickcharts,https://en.wikipedia.org/wiki/List_of_S%26P_500_companies; https://www.slickcharts.com/sp500,2026-06-03,JBL,JBL
2026-06-03,JKHY,JKHY,,,Bundled current S&P 500 constituent seed cross-checked against Wikipedia/Slickcharts,https://en.wikipedia.org/wiki/List_of_S%26P_500_companies; https://www.slickcharts.com/sp500,2026-06-03,JKHY,JKHY
2026-06-03,J,J,,,Bundled current S&P 500 constituent seed cross-checked against Wikipedia/Slickcharts,https://en.wikipedia.org/wiki/List_of_S%26P_500_companies; https://www.slickcharts.com/sp500,2026-06-03,J,J
2026-06-03,JNJ,JNJ,,,Bundled current S&P 500 constituent seed cross-checked against Wikipedia/Slickcharts,https://en.wikipedia.org/wiki/List_of_S%26P_500_companies; https://www.slickcharts.com/sp500,2026-06-03,JNJ,JNJ
2026-06-03,JCI,JCI,,,Bundled current S&P 500 constituent seed cross-checked against Wikipedia/Slickcharts,https://en.wikipedia.org/wiki/List_of_S%26P_500_companies; https://www.slickcharts.com/sp500,2026-06-03,JCI,JCI
2026-06-03,JPM,JPM,,,Bundled current S&P 500 constituent seed cross-checked against Wikipedia/Slickcharts,https://en.wikipedia.org/wiki/List_of_S%26P_500_companies; https://www.slickcharts.com/sp500,2026-06-03,JPM,JPM
2026-06-03,JNPR,JNPR,,,Bundled current S&P 500 constituent seed cross-checked against Wikipedia/Slickcharts,https://en.wikipedia.org/wiki/List_of_S%26P_500_companies; https://www.slickcharts.com/sp500,2026-06-03,JNPR,JNPR
2026-06-03,K,K,,,Bundled current S&P 500 constituent seed cross-checked against Wikipedia/Slickcharts,https://en.wikipedia.org/wiki/List_of_S%26P_500_companies; https://www.slickcharts.com/sp500,2026-06-03,K,K
2026-06-03,KVUE,KVUE,,,Bundled current S&P 500 constituent seed cross-checked against Wikipedia/Slickcharts,https://en.wikipedia.org/wiki/List_of_S%26P_500_companies; https://www.slickcharts.com/sp500,2026-06-03,KVUE,KVUE
2026-06-03,KDP,KDP,,,Bundled current S&P 500 constituent seed cross-checked against Wikipedia/Slickcharts,https://en.wikipedia.org/wiki/List_of_S%26P_500_companies; https://www.slickcharts.com/sp500,2026-06-03,KDP,KDP
2026-06-03,KEY,KEY,,,Bundled current S&P 500 constituent seed cross-checked against Wikipedia/Slickcharts,https://en.wikipedia.org/wiki/List_of_S%26P_500_companies; https://www.slickcharts.com/sp500,2026-06-03,KEY,KEY
2026-06-03,KEYS,KEYS,,,Bundled current S&P 500 constituent seed cross-checked against Wikipedia/Slickcharts,https://en.wikipedia.org/wiki/List_of_S%26P_500_companies; https://www.slickcharts.com/sp500,2026-06-03,KEYS,KEYS
2026-06-03,KMB,KMB,,,Bundled current S&P 500 constituent seed cross-checked against Wikipedia/Slickcharts,https://en.wikipedia.org/wiki/List_of_S%26P_500_companies; https://www.slickcharts.com/sp500,2026-06-03,KMB,KMB
2026-06-03,KIM,KIM,,,Bundled current S&P 500 constituent seed cross-checked against Wikipedia/Slickcharts,https://en.wikipedia.org/wiki/List_of_S%26P_500_companies; https://www.slickcharts.com/sp500,2026-06-03,KIM,KIM
2026-06-03,KMI,KMI,,,Bundled current S&P 500 constituent seed cross-checked against Wikipedia/Slickcharts,https://en.wikipedia.org/wiki/List_of_S%26P_500_companies; https://www.slickcharts.com/sp500,2026-06-03,KMI,KMI
2026-06-03,KKR,KKR,,,Bundled current S&P 500 constituent seed cross-checked against Wikipedia/Slickcharts,https://en.wikipedia.org/wiki/List_of_S%26P_500_companies; https://www.slickcharts.com/sp500,2026-06-03,KKR,KKR
2026-06-03,KLAC,KLAC,,,Bundled current S&P 500 constituent seed cross-checked against Wikipedia/Slickcharts,https://en.wikipedia.org/wiki/List_of_S%26P_500_companies; https://www.slickcharts.com/sp500,2026-06-03,KLAC,KLAC
2026-06-03,KHC,KHC,,,Bundled current S&P 500 constituent seed cross-checked against Wikipedia/Slickcharts,https://en.wikipedia.org/wiki/List_of_S%26P_500_companies; https://www.slickcharts.com/sp500,2026-06-03,KHC,KHC
2026-06-03,KR,KR,,,Bundled current S&P 500 constituent seed cross-checked against Wikipedia/Slickcharts,https://en.wikipedia.org/wiki/List_of_S%26P_500_companies; https://www.slickcharts.com/sp500,2026-06-03,KR,KR
2026-06-03,LHX,LHX,,,Bundled current S&P 500 constituent seed cross-checked against Wikipedia/Slickcharts,https://en.wikipedia.org/wiki/List_of_S%26P_500_companies; https://www.slickcharts.com/sp500,2026-06-03,LHX,LHX
2026-06-03,LH,LH,,,Bundled current S&P 500 constituent seed cross-checked against Wikipedia/Slickcharts,https://en.wikipedia.org/wiki/List_of_S%26P_500_companies; https://www.slickcharts.com/sp500,2026-06-03,LH,LH
2026-06-03,LRCX,LRCX,,,Bundled current S&P 500 constituent seed cross-checked against Wikipedia/Slickcharts,https://en.wikipedia.org/wiki/List_of_S%26P_500_companies; https://www.slickcharts.com/sp500,2026-06-03,LRCX,LRCX
2026-06-03,LVS,LVS,,,Bundled current S&P 500 constituent seed cross-checked against Wikipedia/Slickcharts,https://en.wikipedia.org/wiki/List_of_S%26P_500_companies; https://www.slickcharts.com/sp500,2026-06-03,LVS,LVS
2026-06-03,LDOS,LDOS,,,Bundled current S&P 500 constituent seed cross-checked against Wikipedia/Slickcharts,https://en.wikipedia.org/wiki/List_of_S%26P_500_companies; https://www.slickcharts.com/sp500,2026-06-03,LDOS,LDOS
2026-06-03,LEN,LEN,,,Bundled current S&P 500 constituent seed cross-checked against Wikipedia/Slickcharts,https://en.wikipedia.org/wiki/List_of_S%26P_500_companies; https://www.slickcharts.com/sp500,2026-06-03,LEN,LEN
2026-06-03,LII,LII,,,Bundled current S&P 500 constituent seed cross-checked against Wikipedia/Slickcharts,https://en.wikipedia.org/wiki/List_of_S%26P_500_companies; https://www.slickcharts.com/sp500,2026-06-03,LII,LII
2026-06-03,LLY,LLY,,,Bundled current S&P 500 constituent seed cross-checked against Wikipedia/Slickcharts,https://en.wikipedia.org/wiki/List_of_S%26P_500_companies; https://www.slickcharts.com/sp500,2026-06-03,LLY,LLY
2026-06-03,LIN,LIN,,,Bundled current S&P 500 constituent seed cross-checked against Wikipedia/Slickcharts,https://en.wikipedia.org/wiki/List_of_S%26P_500_companies; https://www.slickcharts.com/sp500,2026-06-03,LIN,LIN
2026-06-03,LYV,LYV,,,Bundled current S&P 500 constituent seed cross-checked against Wikipedia/Slickcharts,https://en.wikipedia.org/wiki/List_of_S%26P_500_companies; https://www.slickcharts.com/sp500,2026-06-03,LYV,LYV
2026-06-03,LMT,LMT,,,Bundled current S&P 500 constituent seed cross-checked against Wikipedia/Slickcharts,https://en.wikipedia.org/wiki/List_of_S%26P_500_companies; https://www.slickcharts.com/sp500,2026-06-03,LMT,LMT
2026-06-03,L,L,,,Bundled current S&P 500 constituent seed cross-checked against Wikipedia/Slickcharts,https://en.wikipedia.org/wiki/List_of_S%26P_500_companies; https://www.slickcharts.com/sp500,2026-06-03,L,L
2026-06-03,LO,LO,,,Bundled current S&P 500 constituent seed cross-checked against Wikipedia/Slickcharts,https://en.wikipedia.org/wiki/List_of_S%26P_500_companies; https://www.slickcharts.com/sp500,2026-06-03,LO,LO
2026-06-03,LOW,LOW,,,Bundled current S&P 500 constituent seed cross-checked against Wikipedia/Slickcharts,https://en.wikipedia.org/wiki/List_of_S%26P_500_companies; https://www.slickcharts.com/sp500,2026-06-03,LOW,LOW
2026-06-03,LULU,LULU,,,Bundled current S&P 500 constituent seed cross-checked against Wikipedia/Slickcharts,https://en.wikipedia.org/wiki/List_of_S%26P_500_companies; https://www.slickcharts.com/sp500,2026-06-03,LULU,LULU
2026-06-03,LYB,LYB,,,Bundled current S&P 500 constituent seed cross-checked against Wikipedia/Slickcharts,https://en.wikipedia.org/wiki/List_of_S%26P_500_companies; https://www.slickcharts.com/sp500,2026-06-03,LYB,LYB
2026-06-03,MTB,MTB,,,Bundled current S&P 500 constituent seed cross-checked against Wikipedia/Slickcharts,https://en.wikipedia.org/wiki/List_of_S%26P_500_companies; https://www.slickcharts.com/sp500,2026-06-03,MTB,MTB
2026-06-03,MPC,MPC,,,Bundled current S&P 500 constituent seed cross-checked against Wikipedia/Slickcharts,https://en.wikipedia.org/wiki/List_of_S%26P_500_companies; https://www.slickcharts.com/sp500,2026-06-03,MPC,MPC
2026-06-03,MAR,MAR,,,Bundled current S&P 500 constituent seed cross-checked against Wikipedia/Slickcharts,https://en.wikipedia.org/wiki/List_of_S%26P_500_companies; https://www.slickcharts.com/sp500,2026-06-03,MAR,MAR
2026-06-03,MMC,MMC,,,Bundled current S&P 500 constituent seed cross-checked against Wikipedia/Slickcharts,https://en.wikipedia.org/wiki/List_of_S%26P_500_companies; https://www.slickcharts.com/sp500,2026-06-03,MMC,MMC
2026-06-03,MLM,MLM,,,Bundled current S&P 500 constituent seed cross-checked against Wikipedia/Slickcharts,https://en.wikipedia.org/wiki/List_of_S%26P_500_companies; https://www.slickcharts.com/sp500,2026-06-03,MLM,MLM
2026-06-03,MAS,MAS,,,Bundled current S&P 500 constituent seed cross-checked against Wikipedia/Slickcharts,https://en.wikipedia.org/wiki/List_of_S%26P_500_companies; https://www.slickcharts.com/sp500,2026-06-03,MAS,MAS
2026-06-03,MA,MA,,,Bundled current S&P 500 constituent seed cross-checked against Wikipedia/Slickcharts,https://en.wikipedia.org/wiki/List_of_S%26P_500_companies; https://www.slickcharts.com/sp500,2026-06-03,MA,MA
2026-06-03,MTCH,MTCH,,,Bundled current S&P 500 constituent seed cross-checked against Wikipedia/Slickcharts,https://en.wikipedia.org/wiki/List_of_S%26P_500_companies; https://www.slickcharts.com/sp500,2026-06-03,MTCH,MTCH
2026-06-03,MKC,MKC,,,Bundled current S&P 500 constituent seed cross-checked against Wikipedia/Slickcharts,https://en.wikipedia.org/wiki/List_of_S%26P_500_companies; https://www.slickcharts.com/sp500,2026-06-03,MKC,MKC
2026-06-03,MCD,MCD,,,Bundled current S&P 500 constituent seed cross-checked against Wikipedia/Slickcharts,https://en.wikipedia.org/wiki/List_of_S%26P_500_companies; https://www.slickcharts.com/sp500,2026-06-03,MCD,MCD
2026-06-03,MCK,MCK,,,Bundled current S&P 500 constituent seed cross-checked against Wikipedia/Slickcharts,https://en.wikipedia.org/wiki/List_of_S%26P_500_companies; https://www.slickcharts.com/sp500,2026-06-03,MCK,MCK
2026-06-03,MDT,MDT,,,Bundled current S&P 500 constituent seed cross-checked against Wikipedia/Slickcharts,https://en.wikipedia.org/wiki/List_of_S%26P_500_companies; https://www.slickcharts.com/sp500,2026-06-03,MDT,MDT
2026-06-03,MRK,MRK,,,Bundled current S&P 500 constituent seed cross-checked against Wikipedia/Slickcharts,https://en.wikipedia.org/wiki/List_of_S%26P_500_companies; https://www.slickcharts.com/sp500,2026-06-03,MRK,MRK
2026-06-03,META,META,,,Bundled current S&P 500 constituent seed cross-checked against Wikipedia/Slickcharts,https://en.wikipedia.org/wiki/List_of_S%26P_500_companies; https://www.slickcharts.com/sp500,2026-06-03,META,META
2026-06-03,MET,MET,,,Bundled current S&P 500 constituent seed cross-checked against Wikipedia/Slickcharts,https://en.wikipedia.org/wiki/List_of_S%26P_500_companies; https://www.slickcharts.com/sp500,2026-06-03,MET,MET
2026-06-03,MTD,MTD,,,Bundled current S&P 500 constituent seed cross-checked against Wikipedia/Slickcharts,https://en.wikipedia.org/wiki/List_of_S%26P_500_companies; https://www.slickcharts.com/sp500,2026-06-03,MTD,MTD
2026-06-03,MGM,MGM,,,Bundled current S&P 500 constituent seed cross-checked against Wikipedia/Slickcharts,https://en.wikipedia.org/wiki/List_of_S%26P_500_companies; https://www.slickcharts.com/sp500,2026-06-03,MGM,MGM
2026-06-03,MCHP,MCHP,,,Bundled current S&P 500 constituent seed cross-checked against Wikipedia/Slickcharts,https://en.wikipedia.org/wiki/List_of_S%26P_500_companies; https://www.slickcharts.com/sp500,2026-06-03,MCHP,MCHP
2026-06-03,MU,MU,,,Bundled current S&P 500 constituent seed cross-checked against Wikipedia/Slickcharts,https://en.wikipedia.org/wiki/List_of_S%26P_500_companies; https://www.slickcharts.com/sp500,2026-06-03,MU,MU
2026-06-03,MSFT,MSFT,,,Bundled current S&P 500 constituent seed cross-checked against Wikipedia/Slickcharts,https://en.wikipedia.org/wiki/List_of_S%26P_500_companies; https://www.slickcharts.com/sp500,2026-06-03,MSFT,MSFT
2026-06-03,MAA,MAA,,,Bundled current S&P 500 constituent seed cross-checked against Wikipedia/Slickcharts,https://en.wikipedia.org/wiki/List_of_S%26P_500_companies; https://www.slickcharts.com/sp500,2026-06-03,MAA,MAA
2026-06-03,MRNA,MRNA,,,Bundled current S&P 500 constituent seed cross-checked against Wikipedia/Slickcharts,https://en.wikipedia.org/wiki/List_of_S%26P_500_companies; https://www.slickcharts.com/sp500,2026-06-03,MRNA,MRNA
2026-06-03,TAP,TAP,,,Bundled current S&P 500 constituent seed cross-checked against Wikipedia/Slickcharts,https://en.wikipedia.org/wiki/List_of_S%26P_500_companies; https://www.slickcharts.com/sp500,2026-06-03,TAP,TAP
2026-06-03,MDLZ,MDLZ,,,Bundled current S&P 500 constituent seed cross-checked against Wikipedia/Slickcharts,https://en.wikipedia.org/wiki/List_of_S%26P_500_companies; https://www.slickcharts.com/sp500,2026-06-03,MDLZ,MDLZ
2026-06-03,MPWR,MPWR,,,Bundled current S&P 500 constituent seed cross-checked against Wikipedia/Slickcharts,https://en.wikipedia.org/wiki/List_of_S%26P_500_companies; https://www.slickcharts.com/sp500,2026-06-03,MPWR,MPWR
2026-06-03,MNST,MNST,,,Bundled current S&P 500 constituent seed cross-checked against Wikipedia/Slickcharts,https://en.wikipedia.org/wiki/List_of_S%26P_500_companies; https://www.slickcharts.com/sp500,2026-06-03,MNST,MNST
2026-06-03,MCO,MCO,,,Bundled current S&P 500 constituent seed cross-checked against Wikipedia/Slickcharts,https://en.wikipedia.org/wiki/List_of_S%26P_500_companies; https://www.slickcharts.com/sp500,2026-06-03,MCO,MCO
2026-06-03,MS,MS,,,Bundled current S&P 500 constituent seed cross-checked against Wikipedia/Slickcharts,https://en.wikipedia.org/wiki/List_of_S%26P_500_companies; https://www.slickcharts.com/sp500,2026-06-03,MS,MS
2026-06-03,MOS,MOS,,,Bundled current S&P 500 constituent seed cross-checked against Wikipedia/Slickcharts,https://en.wikipedia.org/wiki/List_of_S%26P_500_companies; https://www.slickcharts.com/sp500,2026-06-03,MOS,MOS
2026-06-03,MSI,MSI,,,Bundled current S&P 500 constituent seed cross-checked against Wikipedia/Slickcharts,https://en.wikipedia.org/wiki/List_of_S%26P_500_companies; https://www.slickcharts.com/sp500,2026-06-03,MSI,MSI
2026-06-03,MSCI,MSCI,,,Bundled current S&P 500 constituent seed cross-checked against Wikipedia/Slickcharts,https://en.wikipedia.org/wiki/List_of_S%26P_500_companies; https://www.slickcharts.com/sp500,2026-06-03,MSCI,MSCI
2026-06-03,NDAQ,NDAQ,,,Bundled current S&P 500 constituent seed cross-checked against Wikipedia/Slickcharts,https://en.wikipedia.org/wiki/List_of_S%26P_500_companies; https://www.slickcharts.com/sp500,2026-06-03,NDAQ,NDAQ
2026-06-03,NTAP,NTAP,,,Bundled current S&P 500 constituent seed cross-checked against Wikipedia/Slickcharts,https://en.wikipedia.org/wiki/List_of_S%26P_500_companies; https://www.slickcharts.com/sp500,2026-06-03,NTAP,NTAP
2026-06-03,NFLX,NFLX,,,Bundled current S&P 500 constituent seed cross-checked against Wikipedia/Slickcharts,https://en.wikipedia.org/wiki/List_of_S%26P_500_companies; https://www.slickcharts.com/sp500,2026-06-03,NFLX,NFLX
2026-06-03,NEM,NEM,,,Bundled current S&P 500 constituent seed cross-checked against Wikipedia/Slickcharts,https://en.wikipedia.org/wiki/List_of_S%26P_500_companies; https://www.slickcharts.com/sp500,2026-06-03,NEM,NEM
2026-06-03,NWSA,NWSA,,,Bundled current S&P 500 constituent seed cross-checked against Wikipedia/Slickcharts,https://en.wikipedia.org/wiki/List_of_S%26P_500_companies; https://www.slickcharts.com/sp500,2026-06-03,NWSA,NWSA
2026-06-03,NWS,NWS,,,Bundled current S&P 500 constituent seed cross-checked against Wikipedia/Slickcharts,https://en.wikipedia.org/wiki/List_of_S%26P_500_companies; https://www.slickcharts.com/sp500,2026-06-03,NWS,NWS
2026-06-03,NEE,NEE,,,Bundled current S&P 500 constituent seed cross-checked against Wikipedia/Slickcharts,https://en.wikipedia.org/wiki/List_of_S%26P_500_companies; https://www.slickcharts.com/sp500,2026-06-03,NEE,NEE
2026-06-03,NKE,NKE,,,Bundled current S&P 500 constituent seed cross-checked against Wikipedia/Slickcharts,https://en.wikipedia.org/wiki/List_of_S%26P_500_companies; https://www.slickcharts.com/sp500,2026-06-03,NKE,NKE
2026-06-03,NI,NI,,,Bundled current S&P 500 constituent seed cross-checked against Wikipedia/Slickcharts,https://en.wikipedia.org/wiki/List_of_S%26P_500_companies; https://www.slickcharts.com/sp500,2026-06-03,NI,NI
2026-06-03,NDSN,NDSN,,,Bundled current S&P 500 constituent seed cross-checked against Wikipedia/Slickcharts,https://en.wikipedia.org/wiki/List_of_S%26P_500_companies; https://www.slickcharts.com/sp500,2026-06-03,NDSN,NDSN
2026-06-03,NSC,NSC,,,Bundled current S&P 500 constituent seed cross-checked against Wikipedia/Slickcharts,https://en.wikipedia.org/wiki/List_of_S%26P_500_companies; https://www.slickcharts.com/sp500,2026-06-03,NSC,NSC
2026-06-03,NTRS,NTRS,,,Bundled current S&P 500 constituent seed cross-checked against Wikipedia/Slickcharts,https://en.wikipedia.org/wiki/List_of_S%26P_500_companies; https://www.slickcharts.com/sp500,2026-06-03,NTRS,NTRS
2026-06-03,NOC,NOC,,,Bundled current S&P 500 constituent seed cross-checked against Wikipedia/Slickcharts,https://en.wikipedia.org/wiki/List_of_S%26P_500_companies; https://www.slickcharts.com/sp500,2026-06-03,NOC,NOC
2026-06-03,NCLH,NCLH,,,Bundled current S&P 500 constituent seed cross-checked against Wikipedia/Slickcharts,https://en.wikipedia.org/wiki/List_of_S%26P_500_companies; https://www.slickcharts.com/sp500,2026-06-03,NCLH,NCLH
2026-06-03,NRG,NRG,,,Bundled current S&P 500 constituent seed cross-checked against Wikipedia/Slickcharts,https://en.wikipedia.org/wiki/List_of_S%26P_500_companies; https://www.slickcharts.com/sp500,2026-06-03,NRG,NRG
2026-06-03,NUE,NUE,,,Bundled current S&P 500 constituent seed cross-checked against Wikipedia/Slickcharts,https://en.wikipedia.org/wiki/List_of_S%26P_500_companies; https://www.slickcharts.com/sp500,2026-06-03,NUE,NUE
2026-06-03,NVDA,NVDA,,,Bundled current S&P 500 constituent seed cross-checked against Wikipedia/Slickcharts,https://en.wikipedia.org/wiki/List_of_S%26P_500_companies; https://www.slickcharts.com/sp500,2026-06-03,NVDA,NVDA
2026-06-03,NVR,NVR,,,Bundled current S&P 500 constituent seed cross-checked against Wikipedia/Slickcharts,https://en.wikipedia.org/wiki/List_of_S%26P_500_companies; https://www.slickcharts.com/sp500,2026-06-03,NVR,NVR
2026-06-03,NXPI,NXPI,,,Bundled current S&P 500 constituent seed cross-checked against Wikipedia/Slickcharts,https://en.wikipedia.org/wiki/List_of_S%26P_500_companies; https://www.slickcharts.com/sp500,2026-06-03,NXPI,NXPI
2026-06-03,ORLY,ORLY,,,Bundled current S&P 500 constituent seed cross-checked against Wikipedia/Slickcharts,https://en.wikipedia.org/wiki/List_of_S%26P_500_companies; https://www.slickcharts.com/sp500,2026-06-03,ORLY,ORLY
2026-06-03,OXY,OXY,,,Bundled current S&P 500 constituent seed cross-checked against Wikipedia/Slickcharts,https://en.wikipedia.org/wiki/List_of_S%26P_500_companies; https://www.slickcharts.com/sp500,2026-06-03,OXY,OXY
2026-06-03,ODFL,ODFL,,,Bundled current S&P 500 constituent seed cross-checked against Wikipedia/Slickcharts,https://en.wikipedia.org/wiki/List_of_S%26P_500_companies; https://www.slickcharts.com/sp500,2026-06-03,ODFL,ODFL
2026-06-03,OMC,OMC,,,Bundled current S&P 500 constituent seed cross-checked against Wikipedia/Slickcharts,https://en.wikipedia.org/wiki/List_of_S%26P_500_companies; https://www.slickcharts.com/sp500,2026-06-03,OMC,OMC
2026-06-03,ON,ON,,,Bundled current S&P 500 constituent seed cross-checked against Wikipedia/Slickcharts,https://en.wikipedia.org/wiki/List_of_S%26P_500_companies; https://www.slickcharts.com/sp500,2026-06-03,ON,ON
2026-06-03,OKE,OKE,,,Bundled current S&P 500 constituent seed cross-checked against Wikipedia/Slickcharts,https://en.wikipedia.org/wiki/List_of_S%26P_500_companies; https://www.slickcharts.com/sp500,2026-06-03,OKE,OKE
2026-06-03,ORCL,ORCL,,,Bundled current S&P 500 constituent seed cross-checked against Wikipedia/Slickcharts,https://en.wikipedia.org/wiki/List_of_S%26P_500_companies; https://www.slickcharts.com/sp500,2026-06-03,ORCL,ORCL
2026-06-03,OTIS,OTIS,,,Bundled current S&P 500 constituent seed cross-checked against Wikipedia/Slickcharts,https://en.wikipedia.org/wiki/List_of_S%26P_500_companies; https://www.slickcharts.com/sp500,2026-06-03,OTIS,OTIS
2026-06-03,PCAR,PCAR,,,Bundled current S&P 500 constituent seed cross-checked against Wikipedia/Slickcharts,https://en.wikipedia.org/wiki/List_of_S%26P_500_companies; https://www.slickcharts.com/sp500,2026-06-03,PCAR,PCAR
2026-06-03,PKG,PKG,,,Bundled current S&P 500 constituent seed cross-checked against Wikipedia/Slickcharts,https://en.wikipedia.org/wiki/List_of_S%26P_500_companies; https://www.slickcharts.com/sp500,2026-06-03,PKG,PKG
2026-06-03,PLTR,PLTR,,,Bundled current S&P 500 constituent seed cross-checked against Wikipedia/Slickcharts,https://en.wikipedia.org/wiki/List_of_S%26P_500_companies; https://www.slickcharts.com/sp500,2026-06-03,PLTR,PLTR
2026-06-03,PANW,PANW,,,Bundled current S&P 500 constituent seed cross-checked against Wikipedia/Slickcharts,https://en.wikipedia.org/wiki/List_of_S%26P_500_companies; https://www.slickcharts.com/sp500,2026-06-03,PANW,PANW
2026-06-03,PH,PH,,,Bundled current S&P 500 constituent seed cross-checked against Wikipedia/Slickcharts,https://en.wikipedia.org/wiki/List_of_S%26P_500_companies; https://www.slickcharts.com/sp500,2026-06-03,PH,PH
2026-06-03,PAYX,PAYX,,,Bundled current S&P 500 constituent seed cross-checked against Wikipedia/Slickcharts,https://en.wikipedia.org/wiki/List_of_S%26P_500_companies; https://www.slickcharts.com/sp500,2026-06-03,PAYX,PAYX
2026-06-03,PYPL,PYPL,,,Bundled current S&P 500 constituent seed cross-checked against Wikipedia/Slickcharts,https://en.wikipedia.org/wiki/List_of_S%26P_500_companies; https://www.slickcharts.com/sp500,2026-06-03,PYPL,PYPL
2026-06-03,PNR,PNR,,,Bundled current S&P 500 constituent seed cross-checked against Wikipedia/Slickcharts,https://en.wikipedia.org/wiki/List_of_S%26P_500_companies; https://www.slickcharts.com/sp500,2026-06-03,PNR,PNR
2026-06-03,PEP,PEP,,,Bundled current S&P 500 constituent seed cross-checked against Wikipedia/Slickcharts,https://en.wikipedia.org/wiki/List_of_S%26P_500_companies; https://www.slickcharts.com/sp500,2026-06-03,PEP,PEP
2026-06-03,PFE,PFE,,,Bundled current S&P 500 constituent seed cross-checked against Wikipedia/Slickcharts,https://en.wikipedia.org/wiki/List_of_S%26P_500_companies; https://www.slickcharts.com/sp500,2026-06-03,PFE,PFE
2026-06-03,PCG,PCG,,,Bundled current S&P 500 constituent seed cross-checked against Wikipedia/Slickcharts,https://en.wikipedia.org/wiki/List_of_S%26P_500_companies; https://www.slickcharts.com/sp500,2026-06-03,PCG,PCG
2026-06-03,PM,PM,,,Bundled current S&P 500 constituent seed cross-checked against Wikipedia/Slickcharts,https://en.wikipedia.org/wiki/List_of_S%26P_500_companies; https://www.slickcharts.com/sp500,2026-06-03,PM,PM
2026-06-03,PSX,PSX,,,Bundled current S&P 500 constituent seed cross-checked against Wikipedia/Slickcharts,https://en.wikipedia.org/wiki/List_of_S%26P_500_companies; https://www.slickcharts.com/sp500,2026-06-03,PSX,PSX
2026-06-03,PNW,PNW,,,Bundled current S&P 500 constituent seed cross-checked against Wikipedia/Slickcharts,https://en.wikipedia.org/wiki/List_of_S%26P_500_companies; https://www.slickcharts.com/sp500,2026-06-03,PNW,PNW
2026-06-03,PNC,PNC,,,Bundled current S&P 500 constituent seed cross-checked against Wikipedia/Slickcharts,https://en.wikipedia.org/wiki/List_of_S%26P_500_companies; https://www.slickcharts.com/sp500,2026-06-03,PNC,PNC
2026-06-03,POOL,POOL,,,Bundled current S&P 500 constituent seed cross-checked against Wikipedia/Slickcharts,https://en.wikipedia.org/wiki/List_of_S%26P_500_companies; https://www.slickcharts.com/sp500,2026-06-03,POOL,POOL
2026-06-03,PPG,PPG,,,Bundled current S&P 500 constituent seed cross-checked against Wikipedia/Slickcharts,https://en.wikipedia.org/wiki/List_of_S%26P_500_companies; https://www.slickcharts.com/sp500,2026-06-03,PPG,PPG
2026-06-03,PPL,PPL,,,Bundled current S&P 500 constituent seed cross-checked against Wikipedia/Slickcharts,https://en.wikipedia.org/wiki/List_of_S%26P_500_companies; https://www.slickcharts.com/sp500,2026-06-03,PPL,PPL
2026-06-03,PFG,PFG,,,Bundled current S&P 500 constituent seed cross-checked against Wikipedia/Slickcharts,https://en.wikipedia.org/wiki/List_of_S%26P_500_companies; https://www.slickcharts.com/sp500,2026-06-03,PFG,PFG
2026-06-03,PG,PG,,,Bundled current S&P 500 constituent seed cross-checked against Wikipedia/Slickcharts,https://en.wikipedia.org/wiki/List_of_S%26P_500_companies; https://www.slickcharts.com/sp500,2026-06-03,PG,PG
2026-06-03,PGR,PGR,,,Bundled current S&P 500 constituent seed cross-checked against Wikipedia/Slickcharts,https://en.wikipedia.org/wiki/List_of_S%26P_500_companies; https://www.slickcharts.com/sp500,2026-06-03,PGR,PGR
2026-06-03,PLD,PLD,,,Bundled current S&P 500 constituent seed cross-checked against Wikipedia/Slickcharts,https://en.wikipedia.org/wiki/List_of_S%26P_500_companies; https://www.slickcharts.com/sp500,2026-06-03,PLD,PLD
2026-06-03,PRU,PRU,,,Bundled current S&P 500 constituent seed cross-checked against Wikipedia/Slickcharts,https://en.wikipedia.org/wiki/List_of_S%26P_500_companies; https://www.slickcharts.com/sp500,2026-06-03,PRU,PRU
2026-06-03,PEG,PEG,,,Bundled current S&P 500 constituent seed cross-checked against Wikipedia/Slickcharts,https://en.wikipedia.org/wiki/List_of_S%26P_500_companies; https://www.slickcharts.com/sp500,2026-06-03,PEG,PEG
2026-06-03,PTC,PTC,,,Bundled current S&P 500 constituent seed cross-checked against Wikipedia/Slickcharts,https://en.wikipedia.org/wiki/List_of_S%26P_500_companies; https://www.slickcharts.com/sp500,2026-06-03,PTC,PTC
2026-06-03,PSA,PSA,,,Bundled current S&P 500 constituent seed cross-checked against Wikipedia/Slickcharts,https://en.wikipedia.org/wiki/List_of_S%26P_500_companies; https://www.slickcharts.com/sp500,2026-06-03,PSA,PSA
2026-06-03,PHM,PHM,,,Bundled current S&P 500 constituent seed cross-checked against Wikipedia/Slickcharts,https://en.wikipedia.org/wiki/List_of_S%26P_500_companies; https://www.slickcharts.com/sp500,2026-06-03,PHM,PHM
2026-06-03,PWR,PWR,,,Bundled current S&P 500 constituent seed cross-checked against Wikipedia/Slickcharts,https://en.wikipedia.org/wiki/List_of_S%26P_500_companies; https://www.slickcharts.com/sp500,2026-06-03,PWR,PWR
2026-06-03,QCOM,QCOM,,,Bundled current S&P 500 constituent seed cross-checked against Wikipedia/Slickcharts,https://en.wikipedia.org/wiki/List_of_S%26P_500_companies; https://www.slickcharts.com/sp500,2026-06-03,QCOM,QCOM
2026-06-03,DGX,DGX,,,Bundled current S&P 500 constituent seed cross-checked against Wikipedia/Slickcharts,https://en.wikipedia.org/wiki/List_of_S%26P_500_companies; https://www.slickcharts.com/sp500,2026-06-03,DGX,DGX
2026-06-03,RL,RL,,,Bundled current S&P 500 constituent seed cross-checked against Wikipedia/Slickcharts,https://en.wikipedia.org/wiki/List_of_S%26P_500_companies; https://www.slickcharts.com/sp500,2026-06-03,RL,RL
2026-06-03,RJF,RJF,,,Bundled current S&P 500 constituent seed cross-checked against Wikipedia/Slickcharts,https://en.wikipedia.org/wiki/List_of_S%26P_500_companies; https://www.slickcharts.com/sp500,2026-06-03,RJF,RJF
2026-06-03,RTX,RTX,,,Bundled current S&P 500 constituent seed cross-checked against Wikipedia/Slickcharts,https://en.wikipedia.org/wiki/List_of_S%26P_500_companies; https://www.slickcharts.com/sp500,2026-06-03,RTX,RTX
2026-06-03,O,O,,,Bundled current S&P 500 constituent seed cross-checked against Wikipedia/Slickcharts,https://en.wikipedia.org/wiki/List_of_S%26P_500_companies; https://www.slickcharts.com/sp500,2026-06-03,O,O
2026-06-03,REGN,REGN,,,Bundled current S&P 500 constituent seed cross-checked against Wikipedia/Slickcharts,https://en.wikipedia.org/wiki/List_of_S%26P_500_companies; https://www.slickcharts.com/sp500,2026-06-03,REGN,REGN
2026-06-03,RF,RF,,,Bundled current S&P 500 constituent seed cross-checked against Wikipedia/Slickcharts,https://en.wikipedia.org/wiki/List_of_S%26P_500_companies; https://www.slickcharts.com/sp500,2026-06-03,RF,RF
2026-06-03,RSG,RSG,,,Bundled current S&P 500 constituent seed cross-checked against Wikipedia/Slickcharts,https://en.wikipedia.org/wiki/List_of_S%26P_500_companies; https://www.slickcharts.com/sp500,2026-06-03,RSG,RSG
2026-06-03,RMD,RMD,,,Bundled current S&P 500 constituent seed cross-checked against Wikipedia/Slickcharts,https://en.wikipedia.org/wiki/List_of_S%26P_500_companies; https://www.slickcharts.com/sp500,2026-06-03,RMD,RMD
2026-06-03,RVTY,RVTY,,,Bundled current S&P 500 constituent seed cross-checked against Wikipedia/Slickcharts,https://en.wikipedia.org/wiki/List_of_S%26P_500_companies; https://www.slickcharts.com/sp500,2026-06-03,RVTY,RVTY
2026-06-03,ROK,ROK,,,Bundled current S&P 500 constituent seed cross-checked against Wikipedia/Slickcharts,https://en.wikipedia.org/wiki/List_of_S%26P_500_companies; https://www.slickcharts.com/sp500,2026-06-03,ROK,ROK
2026-06-03,ROL,ROL,,,Bundled current S&P 500 constituent seed cross-checked against Wikipedia/Slickcharts,https://en.wikipedia.org/wiki/List_of_S%26P_500_companies; https://www.slickcharts.com/sp500,2026-06-03,ROL,ROL
2026-06-03,ROP,ROP,,,Bundled current S&P 500 constituent seed cross-checked against Wikipedia/Slickcharts,https://en.wikipedia.org/wiki/List_of_S%26P_500_companies; https://www.slickcharts.com/sp500,2026-06-03,ROP,ROP
2026-06-03,ROST,ROST,,,Bundled current S&P 500 constituent seed cross-checked against Wikipedia/Slickcharts,https://en.wikipedia.org/wiki/List_of_S%26P_500_companies; https://www.slickcharts.com/sp500,2026-06-03,ROST,ROST
2026-06-03,RCL,RCL,,,Bundled current S&P 500 constituent seed cross-checked against Wikipedia/Slickcharts,https://en.wikipedia.org/wiki/List_of_S%26P_500_companies; https://www.slickcharts.com/sp500,2026-06-03,RCL,RCL
2026-06-03,SPGI,SPGI,,,Bundled current S&P 500 constituent seed cross-checked against Wikipedia/Slickcharts,https://en.wikipedia.org/wiki/List_of_S%26P_500_companies; https://www.slickcharts.com/sp500,2026-06-03,SPGI,SPGI
2026-06-03,CRM,CRM,,,Bundled current S&P 500 constituent seed cross-checked against Wikipedia/Slickcharts,https://en.wikipedia.org/wiki/List_of_S%26P_500_companies; https://www.slickcharts.com/sp500,2026-06-03,CRM,CRM
2026-06-03,SBAC,SBAC,,,Bundled current S&P 500 constituent seed cross-checked against Wikipedia/Slickcharts,https://en.wikipedia.org/wiki/List_of_S%26P_500_companies; https://www.slickcharts.com/sp500,2026-06-03,SBAC,SBAC
2026-06-03,SLB,SLB,,,Bundled current S&P 500 constituent seed cross-checked against Wikipedia/Slickcharts,https://en.wikipedia.org/wiki/List_of_S%26P_500_companies; https://www.slickcharts.com/sp500,2026-06-03,SLB,SLB
2026-06-03,STX,STX,,,Bundled current S&P 500 constituent seed cross-checked against Wikipedia/Slickcharts,https://en.wikipedia.org/wiki/List_of_S%26P_500_companies; https://www.slickcharts.com/sp500,2026-06-03,STX,STX
2026-06-03,SRE,SRE,,,Bundled current S&P 500 constituent seed cross-checked against Wikipedia/Slickcharts,https://en.wikipedia.org/wiki/List_of_S%26P_500_companies; https://www.slickcharts.com/sp500,2026-06-03,SRE,SRE
2026-06-03,NOW,NOW,,,Bundled current S&P 500 constituent seed cross-checked against Wikipedia/Slickcharts,https://en.wikipedia.org/wiki/List_of_S%26P_500_companies; https://www.slickcharts.com/sp500,2026-06-03,NOW,NOW
2026-06-03,SHW,SHW,,,Bundled current S&P 500 constituent seed cross-checked against Wikipedia/Slickcharts,https://en.wikipedia.org/wiki/List_of_S%26P_500_companies; https://www.slickcharts.com/sp500,2026-06-03,SHW,SHW
2026-06-03,SPG,SPG,,,Bundled current S&P 500 constituent seed cross-checked against Wikipedia/Slickcharts,https://en.wikipedia.org/wiki/List_of_S%26P_500_companies; https://www.slickcharts.com/sp500,2026-06-03,SPG,SPG
2026-06-03,SWKS,SWKS,,,Bundled current S&P 500 constituent seed cross-checked against Wikipedia/Slickcharts,https://en.wikipedia.org/wiki/List_of_S%26P_500_companies; https://www.slickcharts.com/sp500,2026-06-03,SWKS,SWKS
2026-06-03,SJM,SJM,,,Bundled current S&P 500 constituent seed cross-checked against Wikipedia/Slickcharts,https://en.wikipedia.org/wiki/List_of_S%26P_500_companies; https://www.slickcharts.com/sp500,2026-06-03,SJM,SJM
2026-06-03,SNA,SNA,,,Bundled current S&P 500 constituent seed cross-checked against Wikipedia/Slickcharts,https://en.wikipedia.org/wiki/List_of_S%26P_500_companies; https://www.slickcharts.com/sp500,2026-06-03,SNA,SNA
2026-06-03,SOLV,SOLV,,,Bundled current S&P 500 constituent seed cross-checked against Wikipedia/Slickcharts,https://en.wikipedia.org/wiki/List_of_S%26P_500_companies; https://www.slickcharts.com/sp500,2026-06-03,SOLV,SOLV
2026-06-03,SO,SO,,,Bundled current S&P 500 constituent seed cross-checked against Wikipedia/Slickcharts,https://en.wikipedia.org/wiki/List_of_S%26P_500_companies; https://www.slickcharts.com/sp500,2026-06-03,SO,SO
2026-06-03,LUV,LUV,,,Bundled current S&P 500 constituent seed cross-checked against Wikipedia/Slickcharts,https://en.wikipedia.org/wiki/List_of_S%26P_500_companies; https://www.slickcharts.com/sp500,2026-06-03,LUV,LUV
2026-06-03,SWK,SWK,,,Bundled current S&P 500 constituent seed cross-checked against Wikipedia/Slickcharts,https://en.wikipedia.org/wiki/List_of_S%26P_500_companies; https://www.slickcharts.com/sp500,2026-06-03,SWK,SWK
2026-06-03,SBUX,SBUX,,,Bundled current S&P 500 constituent seed cross-checked against Wikipedia/Slickcharts,https://en.wikipedia.org/wiki/List_of_S%26P_500_companies; https://www.slickcharts.com/sp500,2026-06-03,SBUX,SBUX
2026-06-03,STT,STT,,,Bundled current S&P 500 constituent seed cross-checked against Wikipedia/Slickcharts,https://en.wikipedia.org/wiki/List_of_S%26P_500_companies; https://www.slickcharts.com/sp500,2026-06-03,STT,STT
2026-06-03,STLD,STLD,,,Bundled current S&P 500 constituent seed cross-checked against Wikipedia/Slickcharts,https://en.wikipedia.org/wiki/List_of_S%26P_500_companies; https://www.slickcharts.com/sp500,2026-06-03,STLD,STLD
2026-06-03,STE,STE,,,Bundled current S&P 500 constituent seed cross-checked against Wikipedia/Slickcharts,https://en.wikipedia.org/wiki/List_of_S%26P_500_companies; https://www.slickcharts.com/sp500,2026-06-03,STE,STE
2026-06-03,SYK,SYK,,,Bundled current S&P 500 constituent seed cross-checked against Wikipedia/Slickcharts,https://en.wikipedia.org/wiki/List_of_S%26P_500_companies; https://www.slickcharts.com/sp500,2026-06-03,SYK,SYK
2026-06-03,SMCI,SMCI,,,Bundled current S&P 500 constituent seed cross-checked against Wikipedia/Slickcharts,https://en.wikipedia.org/wiki/List_of_S%26P_500_companies; https://www.slickcharts.com/sp500,2026-06-03,SMCI,SMCI
2026-06-03,SYF,SYF,,,Bundled current S&P 500 constituent seed cross-checked against Wikipedia/Slickcharts,https://en.wikipedia.org/wiki/List_of_S%26P_500_companies; https://www.slickcharts.com/sp500,2026-06-03,SYF,SYF
2026-06-03,SNPS,SNPS,,,Bundled current S&P 500 constituent seed cross-checked against Wikipedia/Slickcharts,https://en.wikipedia.org/wiki/List_of_S%26P_500_companies; https://www.slickcharts.com/sp500,2026-06-03,SNPS,SNPS
2026-06-03,SYY,SYY,,,Bundled current S&P 500 constituent seed cross-checked against Wikipedia/Slickcharts,https://en.wikipedia.org/wiki/List_of_S%26P_500_companies; https://www.slickcharts.com/sp500,2026-06-03,SYY,SYY
2026-06-03,TMUS,TMUS,,,Bundled current S&P 500 constituent seed cross-checked against Wikipedia/Slickcharts,https://en.wikipedia.org/wiki/List_of_S%26P_500_companies; https://www.slickcharts.com/sp500,2026-06-03,TMUS,TMUS
2026-06-03,TROW,TROW,,,Bundled current S&P 500 constituent seed cross-checked against Wikipedia/Slickcharts,https://en.wikipedia.org/wiki/List_of_S%26P_500_companies; https://www.slickcharts.com/sp500,2026-06-03,TROW,TROW
2026-06-03,TTWO,TTWO,,,Bundled current S&P 500 constituent seed cross-checked against Wikipedia/Slickcharts,https://en.wikipedia.org/wiki/List_of_S%26P_500_companies; https://www.slickcharts.com/sp500,2026-06-03,TTWO,TTWO
2026-06-03,TPR,TPR,,,Bundled current S&P 500 constituent seed cross-checked against Wikipedia/Slickcharts,https://en.wikipedia.org/wiki/List_of_S%26P_500_companies; https://www.slickcharts.com/sp500,2026-06-03,TPR,TPR
2026-06-03,TRGP,TRGP,,,Bundled current S&P 500 constituent seed cross-checked against Wikipedia/Slickcharts,https://en.wikipedia.org/wiki/List_of_S%26P_500_companies; https://www.slickcharts.com/sp500,2026-06-03,TRGP,TRGP
2026-06-03,TGT,TGT,,,Bundled current S&P 500 constituent seed cross-checked against Wikipedia/Slickcharts,https://en.wikipedia.org/wiki/List_of_S%26P_500_companies; https://www.slickcharts.com/sp500,2026-06-03,TGT,TGT
2026-06-03,TEL,TEL,,,Bundled current S&P 500 constituent seed cross-checked against Wikipedia/Slickcharts,https://en.wikipedia.org/wiki/List_of_S%26P_500_companies; https://www.slickcharts.com/sp500,2026-06-03,TEL,TEL
2026-06-03,TDY,TDY,,,Bundled current S&P 500 constituent seed cross-checked against Wikipedia/Slickcharts,https://en.wikipedia.org/wiki/List_of_S%26P_500_companies; https://www.slickcharts.com/sp500,2026-06-03,TDY,TDY
2026-06-03,TFX,TFX,,,Bundled current S&P 500 constituent seed cross-checked against Wikipedia/Slickcharts,https://en.wikipedia.org/wiki/List_of_S%26P_500_companies; https://www.slickcharts.com/sp500,2026-06-03,TFX,TFX
2026-06-03,TER,TER,,,Bundled current S&P 500 constituent seed cross-checked against Wikipedia/Slickcharts,https://en.wikipedia.org/wiki/List_of_S%26P_500_companies; https://www.slickcharts.com/sp500,2026-06-03,TER,TER
2026-06-03,TSLA,TSLA,,,Bundled current S&P 500 constituent seed cross-checked against Wikipedia/Slickcharts,https://en.wikipedia.org/wiki/List_of_S%26P_500_companies; https://www.slickcharts.com/sp500,2026-06-03,TSLA,TSLA
2026-06-03,TXN,TXN,,,Bundled current S&P 500 constituent seed cross-checked against Wikipedia/Slickcharts,https://en.wikipedia.org/wiki/List_of_S%26P_500_companies; https://www.slickcharts.com/sp500,2026-06-03,TXN,TXN
2026-06-03,TXT,TXT,,,Bundled current S&P 500 constituent seed cross-checked against Wikipedia/Slickcharts,https://en.wikipedia.org/wiki/List_of_S%26P_500_companies; https://www.slickcharts.com/sp500,2026-06-03,TXT,TXT
2026-06-03,TMO,TMO,,,Bundled current S&P 500 constituent seed cross-checked against Wikipedia/Slickcharts,https://en.wikipedia.org/wiki/List_of_S%26P_500_companies; https://www.slickcharts.com/sp500,2026-06-03,TMO,TMO
2026-06-03,TJX,TJX,,,Bundled current S&P 500 constituent seed cross-checked against Wikipedia/Slickcharts,https://en.wikipedia.org/wiki/List_of_S%26P_500_companies; https://www.slickcharts.com/sp500,2026-06-03,TJX,TJX
2026-06-03,TKO,TKO,,,Bundled current S&P 500 constituent seed cross-checked against Wikipedia/Slickcharts,https://en.wikipedia.org/wiki/List_of_S%26P_500_companies; https://www.slickcharts.com/sp500,2026-06-03,TKO,TKO
2026-06-03,TSCO,TSCO,,,Bundled current S&P 500 constituent seed cross-checked against Wikipedia/Slickcharts,https://en.wikipedia.org/wiki/List_of_S%26P_500_companies; https://www.slickcharts.com/sp500,2026-06-03,TSCO,TSCO
2026-06-03,TT,TT,,,Bundled current S&P 500 constituent seed cross-checked against Wikipedia/Slickcharts,https://en.wikipedia.org/wiki/List_of_S%26P_500_companies; https://www.slickcharts.com/sp500,2026-06-03,TT,TT
2026-06-03,TDG,TDG,,,Bundled current S&P 500 constituent seed cross-checked against Wikipedia/Slickcharts,https://en.wikipedia.org/wiki/List_of_S%26P_500_companies; https://www.slickcharts.com/sp500,2026-06-03,TDG,TDG
2026-06-03,TRV,TRV,,,Bundled current S&P 500 constituent seed cross-checked against Wikipedia/Slickcharts,https://en.wikipedia.org/wiki/List_of_S%26P_500_companies; https://www.slickcharts.com/sp500,2026-06-03,TRV,TRV
2026-06-03,TRMB,TRMB,,,Bundled current S&P 500 constituent seed cross-checked against Wikipedia/Slickcharts,https://en.wikipedia.org/wiki/List_of_S%26P_500_companies; https://www.slickcharts.com/sp500,2026-06-03,TRMB,TRMB
2026-06-03,TFC,TFC,,,Bundled current S&P 500 constituent seed cross-checked against Wikipedia/Slickcharts,https://en.wikipedia.org/wiki/List_of_S%26P_500_companies; https://www.slickcharts.com/sp500,2026-06-03,TFC,TFC
2026-06-03,TTD,TTD,,,Bundled current S&P 500 constituent seed cross-checked against Wikipedia/Slickcharts,https://en.wikipedia.org/wiki/List_of_S%26P_500_companies; https://www.slickcharts.com/sp500,2026-06-03,TTD,TTD
2026-06-03,TYL,TYL,,,Bundled current S&P 500 constituent seed cross-checked against Wikipedia/Slickcharts,https://en.wikipedia.org/wiki/List_of_S%26P_500_companies; https://www.slickcharts.com/sp500,2026-06-03,TYL,TYL
2026-06-03,TSN,TSN,,,Bundled current S&P 500 constituent seed cross-checked against Wikipedia/Slickcharts,https://en.wikipedia.org/wiki/List_of_S%26P_500_companies; https://www.slickcharts.com/sp500,2026-06-03,TSN,TSN
2026-06-03,USB,USB,,,Bundled current S&P 500 constituent seed cross-checked against Wikipedia/Slickcharts,https://en.wikipedia.org/wiki/List_of_S%26P_500_companies; https://www.slickcharts.com/sp500,2026-06-03,USB,USB
2026-06-03,UBER,UBER,,,Bundled current S&P 500 constituent seed cross-checked against Wikipedia/Slickcharts,https://en.wikipedia.org/wiki/List_of_S%26P_500_companies; https://www.slickcharts.com/sp500,2026-06-03,UBER,UBER
2026-06-03,UDR,UDR,,,Bundled current S&P 500 constituent seed cross-checked against Wikipedia/Slickcharts,https://en.wikipedia.org/wiki/List_of_S%26P_500_companies; https://www.slickcharts.com/sp500,2026-06-03,UDR,UDR
2026-06-03,ULTA,ULTA,,,Bundled current S&P 500 constituent seed cross-checked against Wikipedia/Slickcharts,https://en.wikipedia.org/wiki/List_of_S%26P_500_companies; https://www.slickcharts.com/sp500,2026-06-03,ULTA,ULTA
2026-06-03,UNP,UNP,,,Bundled current S&P 500 constituent seed cross-checked against Wikipedia/Slickcharts,https://en.wikipedia.org/wiki/List_of_S%26P_500_companies; https://www.slickcharts.com/sp500,2026-06-03,UNP,UNP
2026-06-03,UAL,UAL,,,Bundled current S&P 500 constituent seed cross-checked against Wikipedia/Slickcharts,https://en.wikipedia.org/wiki/List_of_S%26P_500_companies; https://www.slickcharts.com/sp500,2026-06-03,UAL,UAL
2026-06-03,UPS,UPS,,,Bundled current S&P 500 constituent seed cross-checked against Wikipedia/Slickcharts,https://en.wikipedia.org/wiki/List_of_S%26P_500_companies; https://www.slickcharts.com/sp500,2026-06-03,UPS,UPS
2026-06-03,URI,URI,,,Bundled current S&P 500 constituent seed cross-checked against Wikipedia/Slickcharts,https://en.wikipedia.org/wiki/List_of_S%26P_500_companies; https://www.slickcharts.com/sp500,2026-06-03,URI,URI
2026-06-03,UNH,UNH,,,Bundled current S&P 500 constituent seed cross-checked against Wikipedia/Slickcharts,https://en.wikipedia.org/wiki/List_of_S%26P_500_companies; https://www.slickcharts.com/sp500,2026-06-03,UNH,UNH
2026-06-03,UHS,UHS,,,Bundled current S&P 500 constituent seed cross-checked against Wikipedia/Slickcharts,https://en.wikipedia.org/wiki/List_of_S%26P_500_companies; https://www.slickcharts.com/sp500,2026-06-03,UHS,UHS
2026-06-03,VLO,VLO,,,Bundled current S&P 500 constituent seed cross-checked against Wikipedia/Slickcharts,https://en.wikipedia.org/wiki/List_of_S%26P_500_companies; https://www.slickcharts.com/sp500,2026-06-03,VLO,VLO
2026-06-03,VTR,VTR,,,Bundled current S&P 500 constituent seed cross-checked against Wikipedia/Slickcharts,https://en.wikipedia.org/wiki/List_of_S%26P_500_companies; https://www.slickcharts.com/sp500,2026-06-03,VTR,VTR
2026-06-03,VLTO,VLTO,,,Bundled current S&P 500 constituent seed cross-checked against Wikipedia/Slickcharts,https://en.wikipedia.org/wiki/List_of_S%26P_500_companies; https://www.slickcharts.com/sp500,2026-06-03,VLTO,VLTO
2026-06-03,VRSN,VRSN,,,Bundled current S&P 500 constituent seed cross-checked against Wikipedia/Slickcharts,https://en.wikipedia.org/wiki/List_of_S%26P_500_companies; https://www.slickcharts.com/sp500,2026-06-03,VRSN,VRSN
2026-06-03,VRSK,VRSK,,,Bundled current S&P 500 constituent seed cross-checked against Wikipedia/Slickcharts,https://en.wikipedia.org/wiki/List_of_S%26P_500_companies; https://www.slickcharts.com/sp500,2026-06-03,VRSK,VRSK
2026-06-03,VZ,VZ,,,Bundled current S&P 500 constituent seed cross-checked against Wikipedia/Slickcharts,https://en.wikipedia.org/wiki/List_of_S%26P_500_companies; https://www.slickcharts.com/sp500,2026-06-03,VZ,VZ
2026-06-03,VRTX,VRTX,,,Bundled current S&P 500 constituent seed cross-checked against Wikipedia/Slickcharts,https://en.wikipedia.org/wiki/List_of_S%26P_500_companies; https://www.slickcharts.com/sp500,2026-06-03,VRTX,VRTX
2026-06-03,VTRS,VTRS,,,Bundled current S&P 500 constituent seed cross-checked against Wikipedia/Slickcharts,https://en.wikipedia.org/wiki/List_of_S%26P_500_companies; https://www.slickcharts.com/sp500,2026-06-03,VTRS,VTRS
2026-06-03,VICI,VICI,,,Bundled current S&P 500 constituent seed cross-checked against Wikipedia/Slickcharts,https://en.wikipedia.org/wiki/List_of_S%26P_500_companies; https://www.slickcharts.com/sp500,2026-06-03,VICI,VICI
2026-06-03,V,V,,,Bundled current S&P 500 constituent seed cross-checked against Wikipedia/Slickcharts,https://en.wikipedia.org/wiki/List_of_S%26P_500_companies; https://www.slickcharts.com/sp500,2026-06-03,V,V
2026-06-03,VST,VST,,,Bundled current S&P 500 constituent seed cross-checked against Wikipedia/Slickcharts,https://en.wikipedia.org/wiki/List_of_S%26P_500_companies; https://www.slickcharts.com/sp500,2026-06-03,VST,VST
2026-06-03,VMC,VMC,,,Bundled current S&P 500 constituent seed cross-checked against Wikipedia/Slickcharts,https://en.wikipedia.org/wiki/List_of_S%26P_500_companies; https://www.slickcharts.com/sp500,2026-06-03,VMC,VMC
2026-06-03,WRB,WRB,,,Bundled current S&P 500 constituent seed cross-checked against Wikipedia/Slickcharts,https://en.wikipedia.org/wiki/List_of_S%26P_500_companies; https://www.slickcharts.com/sp500,2026-06-03,WRB,WRB
2026-06-03,GWW,GWW,,,Bundled current S&P 500 constituent seed cross-checked against Wikipedia/Slickcharts,https://en.wikipedia.org/wiki/List_of_S%26P_500_companies; https://www.slickcharts.com/sp500,2026-06-03,GWW,GWW
2026-06-03,WAB,WAB,,,Bundled current S&P 500 constituent seed cross-checked against Wikipedia/Slickcharts,https://en.wikipedia.org/wiki/List_of_S%26P_500_companies; https://www.slickcharts.com/sp500,2026-06-03,WAB,WAB
2026-06-03,WMT,WMT,,,Bundled current S&P 500 constituent seed cross-checked against Wikipedia/Slickcharts,https://en.wikipedia.org/wiki/List_of_S%26P_500_companies; https://www.slickcharts.com/sp500,2026-06-03,WMT,WMT
2026-06-03,DIS,DIS,,,Bundled current S&P 500 constituent seed cross-checked against Wikipedia/Slickcharts,https://en.wikipedia.org/wiki/List_of_S%26P_500_companies; https://www.slickcharts.com/sp500,2026-06-03,DIS,DIS
2026-06-03,WBD,WBD,,,Bundled current S&P 500 constituent seed cross-checked against Wikipedia/Slickcharts,https://en.wikipedia.org/wiki/List_of_S%26P_500_companies; https://www.slickcharts.com/sp500,2026-06-03,WBD,WBD
2026-06-03,WM,WM,,,Bundled current S&P 500 constituent seed cross-checked against Wikipedia/Slickcharts,https://en.wikipedia.org/wiki/List_of_S%26P_500_companies; https://www.slickcharts.com/sp500,2026-06-03,WM,WM
2026-06-03,WAT,WAT,,,Bundled current S&P 500 constituent seed cross-checked against Wikipedia/Slickcharts,https://en.wikipedia.org/wiki/List_of_S%26P_500_companies; https://www.slickcharts.com/sp500,2026-06-03,WAT,WAT
2026-06-03,WEC,WEC,,,Bundled current S&P 500 constituent seed cross-checked against Wikipedia/Slickcharts,https://en.wikipedia.org/wiki/List_of_S%26P_500_companies; https://www.slickcharts.com/sp500,2026-06-03,WEC,WEC
2026-06-03,WFC,WFC,,,Bundled current S&P 500 constituent seed cross-checked against Wikipedia/Slickcharts,https://en.wikipedia.org/wiki/List_of_S%26P_500_companies; https://www.slickcharts.com/sp500,2026-06-03,WFC,WFC
2026-06-03,WELL,WELL,,,Bundled current S&P 500 constituent seed cross-checked against Wikipedia/Slickcharts,https://en.wikipedia.org/wiki/List_of_S%26P_500_companies; https://www.slickcharts.com/sp500,2026-06-03,WELL,WELL
2026-06-03,WST,WST,,,Bundled current S&P 500 constituent seed cross-checked against Wikipedia/Slickcharts,https://en.wikipedia.org/wiki/List_of_S%26P_500_companies; https://www.slickcharts.com/sp500,2026-06-03,WST,WST
2026-06-03,WDC,WDC,,,Bundled current S&P 500 constituent seed cross-checked against Wikipedia/Slickcharts,https://en.wikipedia.org/wiki/List_of_S%26P_500_companies; https://www.slickcharts.com/sp500,2026-06-03,WDC,WDC
2026-06-03,WDAY,WDAY,,,Bundled current S&P 500 constituent seed cross-checked against Wikipedia/Slickcharts,https://en.wikipedia.org/wiki/List_of_S%26P_500_companies; https://www.slickcharts.com/sp500,2026-06-03,WDAY,WDAY
2026-06-03,WY,WY,,,Bundled current S&P 500 constituent seed cross-checked against Wikipedia/Slickcharts,https://en.wikipedia.org/wiki/List_of_S%26P_500_companies; https://www.slickcharts.com/sp500,2026-06-03,WY,WY
2026-06-03,WMB,WMB,,,Bundled current S&P 500 constituent seed cross-checked against Wikipedia/Slickcharts,https://en.wikipedia.org/wiki/List_of_S%26P_500_companies; https://www.slickcharts.com/sp500,2026-06-03,WMB,WMB
2026-06-03,WTW,WTW,,,Bundled current S&P 500 constituent seed cross-checked against Wikipedia/Slickcharts,https://en.wikipedia.org/wiki/List_of_S%26P_500_companies; https://www.slickcharts.com/sp500,2026-06-03,WTW,WTW
2026-06-03,WYNN,WYNN,,,Bundled current S&P 500 constituent seed cross-checked against Wikipedia/Slickcharts,https://en.wikipedia.org/wiki/List_of_S%26P_500_companies; https://www.slickcharts.com/sp500,2026-06-03,WYNN,WYNN
2026-06-03,XEL,XEL,,,Bundled current S&P 500 constituent seed cross-checked against Wikipedia/Slickcharts,https://en.wikipedia.org/wiki/List_of_S%26P_500_companies; https://www.slickcharts.com/sp500,2026-06-03,XEL,XEL
2026-06-03,XYL,XYL,,,Bundled current S&P 500 constituent seed cross-checked against Wikipedia/Slickcharts,https://en.wikipedia.org/wiki/List_of_S%26P_500_companies; https://www.slickcharts.com/sp500,2026-06-03,XYL,XYL
2026-06-03,YUM,YUM,,,Bundled current S&P 500 constituent seed cross-checked against Wikipedia/Slickcharts,https://en.wikipedia.org/wiki/List_of_S%26P_500_companies; https://www.slickcharts.com/sp500,2026-06-03,YUM,YUM
2026-06-03,ZBRA,ZBRA,,,Bundled current S&P 500 constituent seed cross-checked against Wikipedia/Slickcharts,https://en.wikipedia.org/wiki/List_of_S%26P_500_companies; https://www.slickcharts.com/sp500,2026-06-03,ZBRA,ZBRA
2026-06-03,ZBH,ZBH,,,Bundled current S&P 500 constituent seed cross-checked against Wikipedia/Slickcharts,https://en.wikipedia.org/wiki/List_of_S%26P_500_companies; https://www.slickcharts.com/sp500,2026-06-03,ZBH,ZBH
2026-06-03,ZTS,ZTS,,,Bundled current S&P 500 constituent seed cross-checked against Wikipedia/Slickcharts,https://en.wikipedia.org/wiki/List_of_S%26P_500_companies; https://www.slickcharts.com/sp500,2026-06-03,ZTS,ZTS
2026-06-03,VEEV,VEEV,,,Bundled current S&P 500 constituent seed cross-checked against Wikipedia/Slickcharts,https://en.wikipedia.org/wiki/List_of_S%26P_500_companies; https://www.slickcharts.com/sp500,2026-06-03,VEEV,VEEV
2026-06-03,VRT,VRT,,,Bundled current S&P 500 constituent seed cross-checked against Wikipedia/Slickcharts,https://en.wikipedia.org/wiki/List_of_S%26P_500_companies; https://www.slickcharts.com/sp500,2026-06-03,VRT,VRT
2026-06-03,LITE,LITE,,,Bundled current S&P 500 constituent seed cross-checked against Wikipedia/Slickcharts,https://en.wikipedia.org/wiki/List_of_S%26P_500_companies; https://www.slickcharts.com/sp500,2026-06-03,LITE,LITE
2026-06-03,SATS,SATS,,,Bundled current S&P 500 constituent seed cross-checked against Wikipedia/Slickcharts,https://en.wikipedia.org/wiki/List_of_S%26P_500_companies; https://www.slickcharts.com/sp500,2026-06-03,SATS,SATS
2026-06-03,IBKR,IBKR,,,Bundled current S&P 500 constituent seed cross-checked against Wikipedia/Slickcharts,https://en.wikipedia.org/wiki/List_of_S%26P_500_companies; https://www.slickcharts.com/sp500,2026-06-03,IBKR,IBKR
2026-06-03,HOOD,HOOD,,,Bundled current S&P 500 constituent seed cross-checked against Wikipedia/Slickcharts,https://en.wikipedia.org/wiki/List_of_S%26P_500_companies; https://www.slickcharts.com/sp500,2026-06-03,HOOD,HOOD
2026-06-03,WSM,WSM,,,Bundled current S&P 500 constituent seed cross-checked against Wikipedia/Slickcharts,https://en.wikipedia.org/wiki/List_of_S%26P_500_companies; https://www.slickcharts.com/sp500,2026-06-03,WSM,WSM
